"LOCATION","INDICATOR","SUBJECT","MEASURE","FREQUENCY","TIME","Value","Flag Codes"
"AUS","EDUADULT","BUPPSRY","PC_25_64","A","1989",44.650639,
"AUS","EDUADULT","BUPPSRY","PC_25_64","A","1991",44.127056,
"AUS","EDUADULT","BUPPSRY","PC_25_64","A","1993",47.159046,
"AUS","EDUADULT","BUPPSRY","PC_25_64","A","1994",49.802025,
"AUS","EDUADULT","BUPPSRY","PC_25_64","A","1995",44.935852,
"AUS","EDUADULT","BUPPSRY","PC_25_64","A","1997",46.695274,
"AUS","EDUADULT","BUPPSRY","PC_25_64","A","1998",43.955959,
"AUS","EDUADULT","BUPPSRY","PC_25_64","A","1999",42.610085,
"AUS","EDUADULT","BUPPSRY","PC_25_64","A","2000",41.212311,
"AUS","EDUADULT","BUPPSRY","PC_25_64","A","2001",41.076141,
"AUS","EDUADULT","BUPPSRY","PC_25_64","A","2002",39.050316,
"AUS","EDUADULT","BUPPSRY","PC_25_64","A","2003",37.519817,
"AUS","EDUADULT","BUPPSRY","PC_25_64","A","2004",35.879036,
"AUS","EDUADULT","BUPPSRY","PC_25_64","A","2005",34.967968,
"AUS","EDUADULT","BUPPSRY","PC_25_64","A","2006",33.289845,
"AUS","EDUADULT","BUPPSRY","PC_25_64","A","2007",31.816732,
"AUS","EDUADULT","BUPPSRY","PC_25_64","A","2008",30.064018,
"AUS","EDUADULT","BUPPSRY","PC_25_64","A","2009",28.972523,
"AUS","EDUADULT","BUPPSRY","PC_25_64","A","2010",26.792744,
"AUS","EDUADULT","BUPPSRY","PC_25_64","A","2011",25.922543,
"AUS","EDUADULT","BUPPSRY","PC_25_64","A","2012",23.563389,
"AUS","EDUADULT","BUPPSRY","PC_25_64","A","2013",24.28443,
"AUS","EDUADULT","BUPPSRY","PC_25_64","A","2014",22.895836,
"AUS","EDUADULT","BUPPSRY","PC_25_64","A","2015",20.980896,
"AUS","EDUADULT","BUPPSRY","PC_25_64","A","2016",20.067352,
"AUS","EDUADULT","BUPPSRY","PC_25_64","A","2017",19.012659,
"AUS","EDUADULT","BUPPSRY","PC_25_64","A","2018",18.108641,
"AUS","EDUADULT","BUPPSRY","PC_25_64","A","2019",17.132658,
"AUS","EDUADULT","BUPPSRY","PC_25_64","A","2020",16.244976,
"AUS","EDUADULT","BUPPSRY","PC_25_64","A","2021",15.46888,
"AUS","EDUADULT","BUPPSRY","PC_25_64","A","2022",14.760603,
"AUT","EDUADULT","BUPPSRY","PC_25_64","A","2004",23.66626,
"AUT","EDUADULT","BUPPSRY","PC_25_64","A","2005",23.055067,
"AUT","EDUADULT","BUPPSRY","PC_25_64","A","2006",19.871609,
"AUT","EDUADULT","BUPPSRY","PC_25_64","A","2007",20.062889,
"AUT","EDUADULT","BUPPSRY","PC_25_64","A","2008",19.120087,
"AUT","EDUADULT","BUPPSRY","PC_25_64","A","2009",18.354979,
"AUT","EDUADULT","BUPPSRY","PC_25_64","A","2010",17.647495,
"AUT","EDUADULT","BUPPSRY","PC_25_64","A","2011",17.636829,
"AUT","EDUADULT","BUPPSRY","PC_25_64","A","2012",17.08353,
"AUT","EDUADULT","BUPPSRY","PC_25_64","A","2013",17.028002,
"AUT","EDUADULT","BUPPSRY","PC_25_64","A","2014",16.143999,
"AUT","EDUADULT","BUPPSRY","PC_25_64","A","2015",15.351305,
"AUT","EDUADULT","BUPPSRY","PC_25_64","A","2016",15.471591,
"AUT","EDUADULT","BUPPSRY","PC_25_64","A","2017",15.037577,
"AUT","EDUADULT","BUPPSRY","PC_25_64","A","2018",14.702526,
"AUT","EDUADULT","BUPPSRY","PC_25_64","A","2019",14.435863,
"AUT","EDUADULT","BUPPSRY","PC_25_64","A","2020",14.341329,
"AUT","EDUADULT","BUPPSRY","PC_25_64","A","2021",14.060361,
"AUT","EDUADULT","BUPPSRY","PC_25_64","A","2022",14.052697,
"BEL","EDUADULT","BUPPSRY","PC_25_64","A","1989",62.723583,
"BEL","EDUADULT","BUPPSRY","PC_25_64","A","1991",56.83075,
"BEL","EDUADULT","BUPPSRY","PC_25_64","A","1992",54.736912,
"BEL","EDUADULT","BUPPSRY","PC_25_64","A","1994",50.637184,
"BEL","EDUADULT","BUPPSRY","PC_25_64","A","1995",46.545418,
"BEL","EDUADULT","BUPPSRY","PC_25_64","A","2000",41.47678,
"BEL","EDUADULT","BUPPSRY","PC_25_64","A","2001",40.536442,
"BEL","EDUADULT","BUPPSRY","PC_25_64","A","2002",39.196617,
"BEL","EDUADULT","BUPPSRY","PC_25_64","A","2003",37.952141,
"BEL","EDUADULT","BUPPSRY","PC_25_64","A","2004",35.708241,
"BEL","EDUADULT","BUPPSRY","PC_25_64","A","2005",33.903755,
"BEL","EDUADULT","BUPPSRY","PC_25_64","A","2006",33.057926,
"BEL","EDUADULT","BUPPSRY","PC_25_64","A","2007",32.046577,
"BEL","EDUADULT","BUPPSRY","PC_25_64","A","2008",30.423817,
"BEL","EDUADULT","BUPPSRY","PC_25_64","A","2009",29.427107,
"BEL","EDUADULT","BUPPSRY","PC_25_64","A","2010",29.500488,
"BEL","EDUADULT","BUPPSRY","PC_25_64","A","2011",28.733294,
"BEL","EDUADULT","BUPPSRY","PC_25_64","A","2012",28.356371,
"BEL","EDUADULT","BUPPSRY","PC_25_64","A","2013",27.241648,
"BEL","EDUADULT","BUPPSRY","PC_25_64","A","2014",26.44935,
"BEL","EDUADULT","BUPPSRY","PC_25_64","A","2015",25.322903,
"BEL","EDUADULT","BUPPSRY","PC_25_64","A","2016",24.905834,
"BEL","EDUADULT","BUPPSRY","PC_25_64","A","2017",23.202787,
"BEL","EDUADULT","BUPPSRY","PC_25_64","A","2018",21.773218,
"BEL","EDUADULT","BUPPSRY","PC_25_64","A","2019",21.313864,
"BEL","EDUADULT","BUPPSRY","PC_25_64","A","2020",20.218918,
"BEL","EDUADULT","BUPPSRY","PC_25_64","A","2021",18.473303,
"BEL","EDUADULT","BUPPSRY","PC_25_64","A","2022",17.56086,
"CAN","EDUADULT","BUPPSRY","PC_25_64","A","1981",38.953987,
"CAN","EDUADULT","BUPPSRY","PC_25_64","A","1990",31.034004,
"CAN","EDUADULT","BUPPSRY","PC_25_64","A","1991",29.99659,
"CAN","EDUADULT","BUPPSRY","PC_25_64","A","1992",28.664516,
"CAN","EDUADULT","BUPPSRY","PC_25_64","A","1993",26.689636,
"CAN","EDUADULT","BUPPSRY","PC_25_64","A","1994",26.150627,
"CAN","EDUADULT","BUPPSRY","PC_25_64","A","1995",24.862947,
"CAN","EDUADULT","BUPPSRY","PC_25_64","A","1996",23.648046,
"CAN","EDUADULT","BUPPSRY","PC_25_64","A","1997",22.245962,
"CAN","EDUADULT","BUPPSRY","PC_25_64","A","1998",21.320238,
"CAN","EDUADULT","BUPPSRY","PC_25_64","A","1999",20.417206,
"CAN","EDUADULT","BUPPSRY","PC_25_64","A","2000",19.332481,
"CAN","EDUADULT","BUPPSRY","PC_25_64","A","2001",18.011751,
"CAN","EDUADULT","BUPPSRY","PC_25_64","A","2002",17.321903,
"CAN","EDUADULT","BUPPSRY","PC_25_64","A","2003",16.267523,
"CAN","EDUADULT","BUPPSRY","PC_25_64","A","2004",15.686501,
"CAN","EDUADULT","BUPPSRY","PC_25_64","A","2005",14.816504,
"CAN","EDUADULT","BUPPSRY","PC_25_64","A","2006",14.457152,
"CAN","EDUADULT","BUPPSRY","PC_25_64","A","2007",13.494848,
"CAN","EDUADULT","BUPPSRY","PC_25_64","A","2008",13.003522,
"CAN","EDUADULT","BUPPSRY","PC_25_64","A","2009",12.468069,
"CAN","EDUADULT","BUPPSRY","PC_25_64","A","2010",11.736887,
"CAN","EDUADULT","BUPPSRY","PC_25_64","A","2011",11.368477,
"CAN","EDUADULT","BUPPSRY","PC_25_64","A","2012",11.035321,
"CAN","EDUADULT","BUPPSRY","PC_25_64","A","2013",10.45779,
"CAN","EDUADULT","BUPPSRY","PC_25_64","A","2014",10.011459,
"CAN","EDUADULT","BUPPSRY","PC_25_64","A","2015",9.5978909,
"CAN","EDUADULT","BUPPSRY","PC_25_64","A","2016",9.3911886,
"CAN","EDUADULT","BUPPSRY","PC_25_64","A","2017",8.8729382,
"CAN","EDUADULT","BUPPSRY","PC_25_64","A","2018",8.3779144,
"CAN","EDUADULT","BUPPSRY","PC_25_64","A","2019",8.1420355,
"CAN","EDUADULT","BUPPSRY","PC_25_64","A","2020",7.5580816,
"CAN","EDUADULT","BUPPSRY","PC_25_64","A","2021",6.9325643,
"CAN","EDUADULT","BUPPSRY","PC_25_64","A","2022",6.8401341,
"CZE","EDUADULT","BUPPSRY","PC_25_64","A","1994",17.259413,
"CZE","EDUADULT","BUPPSRY","PC_25_64","A","1995",16.634739,
"CZE","EDUADULT","BUPPSRY","PC_25_64","A","1997",15.044655,
"CZE","EDUADULT","BUPPSRY","PC_25_64","A","1998",14.660916,
"CZE","EDUADULT","BUPPSRY","PC_25_64","A","1999",13.955545,
"CZE","EDUADULT","BUPPSRY","PC_25_64","A","2000",14.05798,
"CZE","EDUADULT","BUPPSRY","PC_25_64","A","2001",13.791635,
"CZE","EDUADULT","BUPPSRY","PC_25_64","A","2002",12.072922,
"CZE","EDUADULT","BUPPSRY","PC_25_64","A","2003",13.580705,
"CZE","EDUADULT","BUPPSRY","PC_25_64","A","2004",10.923604,
"CZE","EDUADULT","BUPPSRY","PC_25_64","A","2005",10.074598,
"CZE","EDUADULT","BUPPSRY","PC_25_64","A","2006",9.7202902,
"CZE","EDUADULT","BUPPSRY","PC_25_64","A","2007",9.4652252,
"CZE","EDUADULT","BUPPSRY","PC_25_64","A","2008",9.096694,
"CZE","EDUADULT","BUPPSRY","PC_25_64","A","2009",8.5971041,
"CZE","EDUADULT","BUPPSRY","PC_25_64","A","2010",8.0573692,
"CZE","EDUADULT","BUPPSRY","PC_25_64","A","2011",7.6677351,
"CZE","EDUADULT","BUPPSRY","PC_25_64","A","2012",7.5491762,
"CZE","EDUADULT","BUPPSRY","PC_25_64","A","2013",7.1797996,
"CZE","EDUADULT","BUPPSRY","PC_25_64","A","2014",6.8099089,
"CZE","EDUADULT","BUPPSRY","PC_25_64","A","2015",6.841207,
"CZE","EDUADULT","BUPPSRY","PC_25_64","A","2016",6.5732007,
"CZE","EDUADULT","BUPPSRY","PC_25_64","A","2017",6.2063141,
"CZE","EDUADULT","BUPPSRY","PC_25_64","A","2018",6.1394086,
"CZE","EDUADULT","BUPPSRY","PC_25_64","A","2019",6.2475748,
"CZE","EDUADULT","BUPPSRY","PC_25_64","A","2020",5.9468889,
"CZE","EDUADULT","BUPPSRY","PC_25_64","A","2021",5.5797949,
"CZE","EDUADULT","BUPPSRY","PC_25_64","A","2022",5.5545783,
"DNK","EDUADULT","BUPPSRY","PC_25_64","A","1981",49.742344,
"DNK","EDUADULT","BUPPSRY","PC_25_64","A","1988",42.824944,
"DNK","EDUADULT","BUPPSRY","PC_25_64","A","1991",38.506348,
"DNK","EDUADULT","BUPPSRY","PC_25_64","A","1992",41.092419,
"DNK","EDUADULT","BUPPSRY","PC_25_64","A","1994",40.017136,
"DNK","EDUADULT","BUPPSRY","PC_25_64","A","1995",34.520378,
"DNK","EDUADULT","BUPPSRY","PC_25_64","A","1998",21.488886,
"DNK","EDUADULT","BUPPSRY","PC_25_64","A","1999",20.368582,
"DNK","EDUADULT","BUPPSRY","PC_25_64","A","2000",20.218884,
"DNK","EDUADULT","BUPPSRY","PC_25_64","A","2001",19.33378,
"DNK","EDUADULT","BUPPSRY","PC_25_64","A","2002",18.908283,
"DNK","EDUADULT","BUPPSRY","PC_25_64","A","2003",19.446814,
"DNK","EDUADULT","BUPPSRY","PC_25_64","A","2004",18.778183,
"DNK","EDUADULT","BUPPSRY","PC_25_64","A","2005",18.983217,
"DNK","EDUADULT","BUPPSRY","PC_25_64","A","2006",18.359888,
"DNK","EDUADULT","BUPPSRY","PC_25_64","A","2007",25.721992,
"DNK","EDUADULT","BUPPSRY","PC_25_64","A","2008",24.899332,
"DNK","EDUADULT","BUPPSRY","PC_25_64","A","2009",24.137625,
"DNK","EDUADULT","BUPPSRY","PC_25_64","A","2010",23.289925,
"DNK","EDUADULT","BUPPSRY","PC_25_64","A","2011",22.021439,
"DNK","EDUADULT","BUPPSRY","PC_25_64","A","2012",21.165937,
"DNK","EDUADULT","BUPPSRY","PC_25_64","A","2013",20.812916,
"DNK","EDUADULT","BUPPSRY","PC_25_64","A","2014",20.446318,
"DNK","EDUADULT","BUPPSRY","PC_25_64","A","2015",20.280628,
"DNK","EDUADULT","BUPPSRY","PC_25_64","A","2016",19.726067,
"DNK","EDUADULT","BUPPSRY","PC_25_64","A","2017",19.052462,
"DNK","EDUADULT","BUPPSRY","PC_25_64","A","2018",18.940752,
"DNK","EDUADULT","BUPPSRY","PC_25_64","A","2019",18.410515,
"DNK","EDUADULT","BUPPSRY","PC_25_64","A","2020",18.64369,
"DNK","EDUADULT","BUPPSRY","PC_25_64","A","2021",17.887573,
"DNK","EDUADULT","BUPPSRY","PC_25_64","A","2022",18.204699,
"FIN","EDUADULT","BUPPSRY","PC_25_64","A","2000",26.837576,
"FIN","EDUADULT","BUPPSRY","PC_25_64","A","2003",23.959745,
"FIN","EDUADULT","BUPPSRY","PC_25_64","A","2004",22.375042,
"FIN","EDUADULT","BUPPSRY","PC_25_64","A","2005",21.212481,
"FIN","EDUADULT","BUPPSRY","PC_25_64","A","2006",20.363401,
"FIN","EDUADULT","BUPPSRY","PC_25_64","A","2007",19.490316,
"FIN","EDUADULT","BUPPSRY","PC_25_64","A","2008",18.926767,
"FIN","EDUADULT","BUPPSRY","PC_25_64","A","2009",18.026873,
"FIN","EDUADULT","BUPPSRY","PC_25_64","A","2010",17.01717,
"FIN","EDUADULT","BUPPSRY","PC_25_64","A","2011",16.27569,
"FIN","EDUADULT","BUPPSRY","PC_25_64","A","2012",15.202716,
"FIN","EDUADULT","BUPPSRY","PC_25_64","A","2013",14.109433,
"FIN","EDUADULT","BUPPSRY","PC_25_64","A","2014",13.493114,
"FIN","EDUADULT","BUPPSRY","PC_25_64","A","2015",12.847135,
"FIN","EDUADULT","BUPPSRY","PC_25_64","A","2016",12.091855,
"FIN","EDUADULT","BUPPSRY","PC_25_64","A","2017",11.896179,
"FIN","EDUADULT","BUPPSRY","PC_25_64","A","2018",10.926194,
"FIN","EDUADULT","BUPPSRY","PC_25_64","A","2019",9.7360916,
"FIN","EDUADULT","BUPPSRY","PC_25_64","A","2020",8.7888527,
"FIN","EDUADULT","BUPPSRY","PC_25_64","A","2021",11.083303,
"FIN","EDUADULT","BUPPSRY","PC_25_64","A","2022",10.892154,
"FRA","EDUADULT","BUPPSRY","PC_25_64","A","1981",60.617386,
"FRA","EDUADULT","BUPPSRY","PC_25_64","A","1989",51.909286,
"FRA","EDUADULT","BUPPSRY","PC_25_64","A","1991",49.466606,
"FRA","EDUADULT","BUPPSRY","PC_25_64","A","1992",45.963066,
"FRA","EDUADULT","BUPPSRY","PC_25_64","A","1994",42.228619,
"FRA","EDUADULT","BUPPSRY","PC_25_64","A","1995",40.939255,
"FRA","EDUADULT","BUPPSRY","PC_25_64","A","1997",40.507431,
"FRA","EDUADULT","BUPPSRY","PC_25_64","A","1998",39.278065,
"FRA","EDUADULT","BUPPSRY","PC_25_64","A","1999",38.137104,
"FRA","EDUADULT","BUPPSRY","PC_25_64","A","2000",37.759026,
"FRA","EDUADULT","BUPPSRY","PC_25_64","A","2001",36.132778,
"FRA","EDUADULT","BUPPSRY","PC_25_64","A","2002",35.226971,
"FRA","EDUADULT","BUPPSRY","PC_25_64","A","2003",34.777859,
"FRA","EDUADULT","BUPPSRY","PC_25_64","A","2004",34.187824,
"FRA","EDUADULT","BUPPSRY","PC_25_64","A","2005",33.189934,
"FRA","EDUADULT","BUPPSRY","PC_25_64","A","2006",32.571041,
"FRA","EDUADULT","BUPPSRY","PC_25_64","A","2007",31.532801,
"FRA","EDUADULT","BUPPSRY","PC_25_64","A","2008",30.401829,
"FRA","EDUADULT","BUPPSRY","PC_25_64","A","2009",29.745792,
"FRA","EDUADULT","BUPPSRY","PC_25_64","A","2010",29.233322,
"FRA","EDUADULT","BUPPSRY","PC_25_64","A","2011",28.385553,
"FRA","EDUADULT","BUPPSRY","PC_25_64","A","2012",27.465466,
"FRA","EDUADULT","BUPPSRY","PC_25_64","A","2013",25.153784,
"FRA","EDUADULT","BUPPSRY","PC_25_64","A","2014",22.681496,
"FRA","EDUADULT","BUPPSRY","PC_25_64","A","2015",22.467602,
"FRA","EDUADULT","BUPPSRY","PC_25_64","A","2016",21.89171,
"FRA","EDUADULT","BUPPSRY","PC_25_64","A","2017",21.615114,
"FRA","EDUADULT","BUPPSRY","PC_25_64","A","2018",20.640024,
"FRA","EDUADULT","BUPPSRY","PC_25_64","A","2019",19.56168,
"FRA","EDUADULT","BUPPSRY","PC_25_64","A","2020",18.510624,
"FRA","EDUADULT","BUPPSRY","PC_25_64","A","2021",17.760235,
"FRA","EDUADULT","BUPPSRY","PC_25_64","A","2022",16.700796,
"DEU","EDUADULT","BUPPSRY","PC_25_64","A","1989",21.636534,
"DEU","EDUADULT","BUPPSRY","PC_25_64","A","1991",18.18479,
"DEU","EDUADULT","BUPPSRY","PC_25_64","A","1992",18.084284,
"DEU","EDUADULT","BUPPSRY","PC_25_64","A","1994",15.993667,
"DEU","EDUADULT","BUPPSRY","PC_25_64","A","1995",16.322004,
"DEU","EDUADULT","BUPPSRY","PC_25_64","A","1997",16.763416,
"DEU","EDUADULT","BUPPSRY","PC_25_64","A","1998",16.236273,
"DEU","EDUADULT","BUPPSRY","PC_25_64","A","1999",18.763994,
"DEU","EDUADULT","BUPPSRY","PC_25_64","A","2000",18.273834,
"DEU","EDUADULT","BUPPSRY","PC_25_64","A","2001",17.3916,
"DEU","EDUADULT","BUPPSRY","PC_25_64","A","2002",17.012363,
"DEU","EDUADULT","BUPPSRY","PC_25_64","A","2003",16.622698,
"DEU","EDUADULT","BUPPSRY","PC_25_64","A","2004",16.099459,
"DEU","EDUADULT","BUPPSRY","PC_25_64","A","2005",16.892855,
"DEU","EDUADULT","BUPPSRY","PC_25_64","A","2006",16.763083,
"DEU","EDUADULT","BUPPSRY","PC_25_64","A","2007",15.584911,
"DEU","EDUADULT","BUPPSRY","PC_25_64","A","2008",14.668834,
"DEU","EDUADULT","BUPPSRY","PC_25_64","A","2009",14.520243,
"DEU","EDUADULT","BUPPSRY","PC_25_64","A","2010",14.189683,
"DEU","EDUADULT","BUPPSRY","PC_25_64","A","2011",13.74963,
"DEU","EDUADULT","BUPPSRY","PC_25_64","A","2012",13.699094,
"DEU","EDUADULT","BUPPSRY","PC_25_64","A","2013",13.679199,
"DEU","EDUADULT","BUPPSRY","PC_25_64","A","2014",13.096583,
"DEU","EDUADULT","BUPPSRY","PC_25_64","A","2015",13.208749,
"DEU","EDUADULT","BUPPSRY","PC_25_64","A","2016",13.523512,
"DEU","EDUADULT","BUPPSRY","PC_25_64","A","2017",13.478389,
"DEU","EDUADULT","BUPPSRY","PC_25_64","A","2018",13.324821,
"DEU","EDUADULT","BUPPSRY","PC_25_64","A","2019",13.27747,
"DEU","EDUADULT","BUPPSRY","PC_25_64","A","2020",13.894735,
"DEU","EDUADULT","BUPPSRY","PC_25_64","A","2021",14.672102,
"DEU","EDUADULT","BUPPSRY","PC_25_64","A","2022",16.459822,
"GRC","EDUADULT","BUPPSRY","PC_25_64","A","1987",69.771255,
"GRC","EDUADULT","BUPPSRY","PC_25_64","A","1988",68.195236,
"GRC","EDUADULT","BUPPSRY","PC_25_64","A","1989",66.900887,
"GRC","EDUADULT","BUPPSRY","PC_25_64","A","1990",66.015121,
"GRC","EDUADULT","BUPPSRY","PC_25_64","A","1991",64.376518,
"GRC","EDUADULT","BUPPSRY","PC_25_64","A","1992",63.549957,
"GRC","EDUADULT","BUPPSRY","PC_25_64","A","1993",60.966427,
"GRC","EDUADULT","BUPPSRY","PC_25_64","A","1994",58.696846,
"GRC","EDUADULT","BUPPSRY","PC_25_64","A","1995",57.455963,
"GRC","EDUADULT","BUPPSRY","PC_25_64","A","1996",55.831074,
"GRC","EDUADULT","BUPPSRY","PC_25_64","A","1997",54.459099,
"GRC","EDUADULT","BUPPSRY","PC_25_64","A","1998",52.167694,
"GRC","EDUADULT","BUPPSRY","PC_25_64","A","1999",52.244076,
"GRC","EDUADULT","BUPPSRY","PC_25_64","A","2000",50.712349,
"GRC","EDUADULT","BUPPSRY","PC_25_64","A","2001",49.770618,
"GRC","EDUADULT","BUPPSRY","PC_25_64","A","2002",48.158752,
"GRC","EDUADULT","BUPPSRY","PC_25_64","A","2003",46.452507,
"GRC","EDUADULT","BUPPSRY","PC_25_64","A","2004",43.350311,
"GRC","EDUADULT","BUPPSRY","PC_25_64","A","2005",42.286209,
"GRC","EDUADULT","BUPPSRY","PC_25_64","A","2006",40.75304,
"GRC","EDUADULT","BUPPSRY","PC_25_64","A","2007",39.922272,
"GRC","EDUADULT","BUPPSRY","PC_25_64","A","2008",38.692974,
"GRC","EDUADULT","BUPPSRY","PC_25_64","A","2009",38.5051,
"GRC","EDUADULT","BUPPSRY","PC_25_64","A","2010",37.26366,
"GRC","EDUADULT","BUPPSRY","PC_25_64","A","2011",35.445217,
"GRC","EDUADULT","BUPPSRY","PC_25_64","A","2012",34.217484,
"GRC","EDUADULT","BUPPSRY","PC_25_64","A","2013",32.80518,
"GRC","EDUADULT","BUPPSRY","PC_25_64","A","2014",31.733679,
"GRC","EDUADULT","BUPPSRY","PC_25_64","A","2015",29.780088,
"GRC","EDUADULT","BUPPSRY","PC_25_64","A","2016",28.349747,
"GRC","EDUADULT","BUPPSRY","PC_25_64","A","2017",27.290607,
"GRC","EDUADULT","BUPPSRY","PC_25_64","A","2018",26.630527,
"GRC","EDUADULT","BUPPSRY","PC_25_64","A","2019",26.043503,
"GRC","EDUADULT","BUPPSRY","PC_25_64","A","2020",23.603962,
"GRC","EDUADULT","BUPPSRY","PC_25_64","A","2021",21.812767,
"GRC","EDUADULT","BUPPSRY","PC_25_64","A","2022",19.723778,
"HUN","EDUADULT","BUPPSRY","PC_25_64","A","1997",36.956242,
"HUN","EDUADULT","BUPPSRY","PC_25_64","A","1998",36.720436,
"HUN","EDUADULT","BUPPSRY","PC_25_64","A","1999",32.65992,
"HUN","EDUADULT","BUPPSRY","PC_25_64","A","2000",30.781889,
"HUN","EDUADULT","BUPPSRY","PC_25_64","A","2001",29.98584,
"HUN","EDUADULT","BUPPSRY","PC_25_64","A","2002",28.577425,
"HUN","EDUADULT","BUPPSRY","PC_25_64","A","2003",25.927795,
"HUN","EDUADULT","BUPPSRY","PC_25_64","A","2004",24.64992,
"HUN","EDUADULT","BUPPSRY","PC_25_64","A","2005",23.609816,
"HUN","EDUADULT","BUPPSRY","PC_25_64","A","2006",21.9265,
"HUN","EDUADULT","BUPPSRY","PC_25_64","A","2007",20.79417,
"HUN","EDUADULT","BUPPSRY","PC_25_64","A","2008",20.296638,
"HUN","EDUADULT","BUPPSRY","PC_25_64","A","2009",19.425785,
"HUN","EDUADULT","BUPPSRY","PC_25_64","A","2010",18.707645,
"HUN","EDUADULT","BUPPSRY","PC_25_64","A","2011",18.232164,
"HUN","EDUADULT","BUPPSRY","PC_25_64","A","2012",17.879883,
"HUN","EDUADULT","BUPPSRY","PC_25_64","A","2013",17.505869,
"HUN","EDUADULT","BUPPSRY","PC_25_64","A","2014",16.905603,
"HUN","EDUADULT","BUPPSRY","PC_25_64","A","2015",16.783051,
"HUN","EDUADULT","BUPPSRY","PC_25_64","A","2016",16.637701,
"HUN","EDUADULT","BUPPSRY","PC_25_64","A","2017",15.97375,
"HUN","EDUADULT","BUPPSRY","PC_25_64","A","2018",15.138174,
"HUN","EDUADULT","BUPPSRY","PC_25_64","A","2019",15.026365,
"HUN","EDUADULT","BUPPSRY","PC_25_64","A","2020",14.426455,
"HUN","EDUADULT","BUPPSRY","PC_25_64","A","2021",13.719394,
"HUN","EDUADULT","BUPPSRY","PC_25_64","A","2022",12.981095,
"ISL","EDUADULT","BUPPSRY","PC_25_64","A","2003",34.262501,
"ISL","EDUADULT","BUPPSRY","PC_25_64","A","2004",33.643612,
"ISL","EDUADULT","BUPPSRY","PC_25_64","A","2005",31.825998,
"ISL","EDUADULT","BUPPSRY","PC_25_64","A","2006",31.31949,
"ISL","EDUADULT","BUPPSRY","PC_25_64","A","2007",30.819305,
"ISL","EDUADULT","BUPPSRY","PC_25_64","A","2008",30.940493,
"ISL","EDUADULT","BUPPSRY","PC_25_64","A","2009",30.005922,
"ISL","EDUADULT","BUPPSRY","PC_25_64","A","2010",30.850618,
"ISL","EDUADULT","BUPPSRY","PC_25_64","A","2011",30.366735,
"ISL","EDUADULT","BUPPSRY","PC_25_64","A","2012",30.561222,
"ISL","EDUADULT","BUPPSRY","PC_25_64","A","2013",29.45565,
"ISL","EDUADULT","BUPPSRY","PC_25_64","A","2014",28.481115,
"ISL","EDUADULT","BUPPSRY","PC_25_64","A","2015",26.582855,
"ISL","EDUADULT","BUPPSRY","PC_25_64","A","2016",23.394308,
"ISL","EDUADULT","BUPPSRY","PC_25_64","A","2017",25.207304,
"ISL","EDUADULT","BUPPSRY","PC_25_64","A","2018",24.459627,
"ISL","EDUADULT","BUPPSRY","PC_25_64","A","2019",24.060982,
"ISL","EDUADULT","BUPPSRY","PC_25_64","A","2020",24.087782,
"ISL","EDUADULT","BUPPSRY","PC_25_64","A","2021",21.429537,
"ISL","EDUADULT","BUPPSRY","PC_25_64","A","2022",22.201754,
"IRL","EDUADULT","BUPPSRY","PC_25_64","A","1989",61.960426,
"IRL","EDUADULT","BUPPSRY","PC_25_64","A","1991",59.80291,
"IRL","EDUADULT","BUPPSRY","PC_25_64","A","1992",57.777081,
"IRL","EDUADULT","BUPPSRY","PC_25_64","A","1994",54.771759,
"IRL","EDUADULT","BUPPSRY","PC_25_64","A","1995",52.839344,
"IRL","EDUADULT","BUPPSRY","PC_25_64","A","2000",42.706924,
"IRL","EDUADULT","BUPPSRY","PC_25_64","A","2001",44.735104,
"IRL","EDUADULT","BUPPSRY","PC_25_64","A","2002",40.004444,
"IRL","EDUADULT","BUPPSRY","PC_25_64","A","2003",38.298161,
"IRL","EDUADULT","BUPPSRY","PC_25_64","A","2004",37.160995,
"IRL","EDUADULT","BUPPSRY","PC_25_64","A","2005",35.466724,
"IRL","EDUADULT","BUPPSRY","PC_25_64","A","2006",33.656101,
"IRL","EDUADULT","BUPPSRY","PC_25_64","A","2007",32.273792,
"IRL","EDUADULT","BUPPSRY","PC_25_64","A","2008",30.546635,
"IRL","EDUADULT","BUPPSRY","PC_25_64","A","2009",28.832077,
"IRL","EDUADULT","BUPPSRY","PC_25_64","A","2010",27.225185,
"IRL","EDUADULT","BUPPSRY","PC_25_64","A","2011",26.365326,
"IRL","EDUADULT","BUPPSRY","PC_25_64","A","2012",25.367115,
"IRL","EDUADULT","BUPPSRY","PC_25_64","A","2013",23.273964,
"IRL","EDUADULT","BUPPSRY","PC_25_64","A","2014",21.187292,
"IRL","EDUADULT","BUPPSRY","PC_25_64","A","2015",20.182577,
"IRL","EDUADULT","BUPPSRY","PC_25_64","A","2016",18.31505,
"IRL","EDUADULT","BUPPSRY","PC_25_64","A","2017",17.994549,
"IRL","EDUADULT","BUPPSRY","PC_25_64","A","2018",16.825432,
"IRL","EDUADULT","BUPPSRY","PC_25_64","A","2019",16.342939,
"IRL","EDUADULT","BUPPSRY","PC_25_64","A","2020",14.507091,
"IRL","EDUADULT","BUPPSRY","PC_25_64","A","2021",12.765348,
"IRL","EDUADULT","BUPPSRY","PC_25_64","A","2022",12.366305,
"ITA","EDUADULT","BUPPSRY","PC_25_64","A","1989",74.324593,
"ITA","EDUADULT","BUPPSRY","PC_25_64","A","1991",71.787415,
"ITA","EDUADULT","BUPPSRY","PC_25_64","A","1992",71.566925,
"ITA","EDUADULT","BUPPSRY","PC_25_64","A","1994",66.810402,
"ITA","EDUADULT","BUPPSRY","PC_25_64","A","1995",65.061142,
"ITA","EDUADULT","BUPPSRY","PC_25_64","A","1998",59.284374,
"ITA","EDUADULT","BUPPSRY","PC_25_64","A","1999",57.758488,
"ITA","EDUADULT","BUPPSRY","PC_25_64","A","2000",57.886444,
"ITA","EDUADULT","BUPPSRY","PC_25_64","A","2001",56.725201,
"ITA","EDUADULT","BUPPSRY","PC_25_64","A","2002",55.637676,
"ITA","EDUADULT","BUPPSRY","PC_25_64","A","2003",51.586433,
"ITA","EDUADULT","BUPPSRY","PC_25_64","A","2004",51.4006,
"ITA","EDUADULT","BUPPSRY","PC_25_64","A","2005",49.913864,
"ITA","EDUADULT","BUPPSRY","PC_25_64","A","2006",48.710896,
"ITA","EDUADULT","BUPPSRY","PC_25_64","A","2007",47.700294,
"ITA","EDUADULT","BUPPSRY","PC_25_64","A","2008",46.687767,
"ITA","EDUADULT","BUPPSRY","PC_25_64","A","2009",45.698818,
"ITA","EDUADULT","BUPPSRY","PC_25_64","A","2010",44.825645,
"ITA","EDUADULT","BUPPSRY","PC_25_64","A","2011",43.971539,
"ITA","EDUADULT","BUPPSRY","PC_25_64","A","2012",42.763065,
"ITA","EDUADULT","BUPPSRY","PC_25_64","A","2013",41.84333,
"ITA","EDUADULT","BUPPSRY","PC_25_64","A","2014",40.693222,
"ITA","EDUADULT","BUPPSRY","PC_25_64","A","2015",40.108776,
"ITA","EDUADULT","BUPPSRY","PC_25_64","A","2016",39.856853,
"ITA","EDUADULT","BUPPSRY","PC_25_64","A","2017",39.084484,
"ITA","EDUADULT","BUPPSRY","PC_25_64","A","2018",38.170338,
"ITA","EDUADULT","BUPPSRY","PC_25_64","A","2019",37.743759,
"ITA","EDUADULT","BUPPSRY","PC_25_64","A","2020",37.430363,
"ITA","EDUADULT","BUPPSRY","PC_25_64","A","2021",37.293571,
"ITA","EDUADULT","BUPPSRY","PC_25_64","A","2022",36.962048,
"KOR","EDUADULT","BUPPSRY","PC_25_64","A","1995",40.236736,
"KOR","EDUADULT","BUPPSRY","PC_25_64","A","1997",37.931839,
"KOR","EDUADULT","BUPPSRY","PC_25_64","A","1998",33.600086,
"KOR","EDUADULT","BUPPSRY","PC_25_64","A","1999",32.577736,
"KOR","EDUADULT","BUPPSRY","PC_25_64","A","2000",31.754948,
"KOR","EDUADULT","BUPPSRY","PC_25_64","A","2001",30.488056,
"KOR","EDUADULT","BUPPSRY","PC_25_64","A","2002",29.26877,
"KOR","EDUADULT","BUPPSRY","PC_25_64","A","2003",26.809116,
"KOR","EDUADULT","BUPPSRY","PC_25_64","A","2004",25.614571,
"KOR","EDUADULT","BUPPSRY","PC_25_64","A","2005",24.359201,
"KOR","EDUADULT","BUPPSRY","PC_25_64","A","2006",23.094648,
"KOR","EDUADULT","BUPPSRY","PC_25_64","A","2007",21.798021,
"KOR","EDUADULT","BUPPSRY","PC_25_64","A","2008",20.631649,
"KOR","EDUADULT","BUPPSRY","PC_25_64","A","2009",19.37129,
"KOR","EDUADULT","BUPPSRY","PC_25_64","A","2010",19.059269,
"KOR","EDUADULT","BUPPSRY","PC_25_64","A","2011",18.535269,
"KOR","EDUADULT","BUPPSRY","PC_25_64","A","2012",17.488157,
"KOR","EDUADULT","BUPPSRY","PC_25_64","A","2013",16.277796,
"KOR","EDUADULT","BUPPSRY","PC_25_64","A","2014",15.002967,
"KOR","EDUADULT","BUPPSRY","PC_25_64","A","2015",14.229398,
"KOR","EDUADULT","BUPPSRY","PC_25_64","A","2016",13.227958,
"KOR","EDUADULT","BUPPSRY","PC_25_64","A","2017",12.388158,
"KOR","EDUADULT","BUPPSRY","PC_25_64","A","2018",11.811645,
"KOR","EDUADULT","BUPPSRY","PC_25_64","A","2019",11.27041,
"KOR","EDUADULT","BUPPSRY","PC_25_64","A","2020",10.643816,
"KOR","EDUADULT","BUPPSRY","PC_25_64","A","2021",9.6675959,
"KOR","EDUADULT","BUPPSRY","PC_25_64","A","2022",8.7689714,
"LUX","EDUADULT","BUPPSRY","PC_25_64","A","2000",39.080746,
"LUX","EDUADULT","BUPPSRY","PC_25_64","A","2005",34.146366,
"LUX","EDUADULT","BUPPSRY","PC_25_64","A","2006",34.479065,
"LUX","EDUADULT","BUPPSRY","PC_25_64","A","2007",34.264404,
"LUX","EDUADULT","BUPPSRY","PC_25_64","A","2008",32.058296,
"LUX","EDUADULT","BUPPSRY","PC_25_64","A","2009",22.655592,
"LUX","EDUADULT","BUPPSRY","PC_25_64","A","2010",22.322315,
"LUX","EDUADULT","BUPPSRY","PC_25_64","A","2011",22.742352,
"LUX","EDUADULT","BUPPSRY","PC_25_64","A","2012",21.69751,
"LUX","EDUADULT","BUPPSRY","PC_25_64","A","2013",19.512997,
"LUX","EDUADULT","BUPPSRY","PC_25_64","A","2014",18.023409,
"LUX","EDUADULT","BUPPSRY","PC_25_64","A","2015",25.391632,
"LUX","EDUADULT","BUPPSRY","PC_25_64","A","2016",21.180861,
"LUX","EDUADULT","BUPPSRY","PC_25_64","A","2017",23.302259,
"LUX","EDUADULT","BUPPSRY","PC_25_64","A","2018",22.764822,
"LUX","EDUADULT","BUPPSRY","PC_25_64","A","2019",24.854612,
"LUX","EDUADULT","BUPPSRY","PC_25_64","A","2020",25.849997,
"LUX","EDUADULT","BUPPSRY","PC_25_64","A","2021",19.698715,
"LUX","EDUADULT","BUPPSRY","PC_25_64","A","2022",18.962828,
"MEX","EDUADULT","BUPPSRY","PC_25_64","A","1997",72.207962,
"MEX","EDUADULT","BUPPSRY","PC_25_64","A","1998",72.002563,
"MEX","EDUADULT","BUPPSRY","PC_25_64","A","1999",72.845215,
"MEX","EDUADULT","BUPPSRY","PC_25_64","A","2000",70.91008,
"MEX","EDUADULT","BUPPSRY","PC_25_64","A","2001",70.337532,
"MEX","EDUADULT","BUPPSRY","PC_25_64","A","2002",70.016335,
"MEX","EDUADULT","BUPPSRY","PC_25_64","A","2003",70.124634,
"MEX","EDUADULT","BUPPSRY","PC_25_64","A","2004",68.566475,
"MEX","EDUADULT","BUPPSRY","PC_25_64","A","2005",71.844093,
"MEX","EDUADULT","BUPPSRY","PC_25_64","A","2006",70.973122,
"MEX","EDUADULT","BUPPSRY","PC_25_64","A","2007",70.421989,
"MEX","EDUADULT","BUPPSRY","PC_25_64","A","2008",70.091904,
"MEX","EDUADULT","BUPPSRY","PC_25_64","A","2009",68.709137,
"MEX","EDUADULT","BUPPSRY","PC_25_64","A","2010",67.913872,
"MEX","EDUADULT","BUPPSRY","PC_25_64","A","2011",66.860298,
"MEX","EDUADULT","BUPPSRY","PC_25_64","A","2012",66.014343,
"MEX","EDUADULT","BUPPSRY","PC_25_64","A","2013",65.209229,
"MEX","EDUADULT","BUPPSRY","PC_25_64","A","2014",64.907104,
"MEX","EDUADULT","BUPPSRY","PC_25_64","A","2015",64.336807,
"MEX","EDUADULT","BUPPSRY","PC_25_64","A","2016",63.365211,
"MEX","EDUADULT","BUPPSRY","PC_25_64","A","2017",62.338387,
"MEX","EDUADULT","BUPPSRY","PC_25_64","A","2018",60.853703,
"MEX","EDUADULT","BUPPSRY","PC_25_64","A","2019",60.211422,
"MEX","EDUADULT","BUPPSRY","PC_25_64","A","2020",58.403774,
"MEX","EDUADULT","BUPPSRY","PC_25_64","A","2021",57.190308,
"MEX","EDUADULT","BUPPSRY","PC_25_64","A","2022",56.215908,
"NLD","EDUADULT","BUPPSRY","PC_25_64","A","1990",45.222771,
"NLD","EDUADULT","BUPPSRY","PC_25_64","A","1991",43.743805,
"NLD","EDUADULT","BUPPSRY","PC_25_64","A","1992",42.071236,
"NLD","EDUADULT","BUPPSRY","PC_25_64","A","1994",40.196198,
"NLD","EDUADULT","BUPPSRY","PC_25_64","A","1995",38.790455,
"NLD","EDUADULT","BUPPSRY","PC_25_64","A","1998",35.686409,
"NLD","EDUADULT","BUPPSRY","PC_25_64","A","2000",35.143627,
"NLD","EDUADULT","BUPPSRY","PC_25_64","A","2001",34.89233,
"NLD","EDUADULT","BUPPSRY","PC_25_64","A","2002",32.165543,
"NLD","EDUADULT","BUPPSRY","PC_25_64","A","2003",30.776005,
"NLD","EDUADULT","BUPPSRY","PC_25_64","A","2004",29.093763,
"NLD","EDUADULT","BUPPSRY","PC_25_64","A","2005",28.181055,
"NLD","EDUADULT","BUPPSRY","PC_25_64","A","2006",27.63452,
"NLD","EDUADULT","BUPPSRY","PC_25_64","A","2007",26.816864,
"NLD","EDUADULT","BUPPSRY","PC_25_64","A","2008",26.708052,
"NLD","EDUADULT","BUPPSRY","PC_25_64","A","2009",26.604006,
"NLD","EDUADULT","BUPPSRY","PC_25_64","A","2010",27.026423,
"NLD","EDUADULT","BUPPSRY","PC_25_64","A","2011",27.715986,
"NLD","EDUADULT","BUPPSRY","PC_25_64","A","2012",26.576496,
"NLD","EDUADULT","BUPPSRY","PC_25_64","A","2013",23.084095,
"NLD","EDUADULT","BUPPSRY","PC_25_64","A","2014",23.260509,
"NLD","EDUADULT","BUPPSRY","PC_25_64","A","2015",22.561897,
"NLD","EDUADULT","BUPPSRY","PC_25_64","A","2016",21.969248,
"NLD","EDUADULT","BUPPSRY","PC_25_64","A","2017",20.901388,
"NLD","EDUADULT","BUPPSRY","PC_25_64","A","2018",20.370266,
"NLD","EDUADULT","BUPPSRY","PC_25_64","A","2019",19.849958,
"NLD","EDUADULT","BUPPSRY","PC_25_64","A","2020",19.100592,
"NLD","EDUADULT","BUPPSRY","PC_25_64","A","2021",19.437679,
"NLD","EDUADULT","BUPPSRY","PC_25_64","A","2022",18.759853,
"NZL","EDUADULT","BUPPSRY","PC_25_64","A","1981",66.995567,
"NZL","EDUADULT","BUPPSRY","PC_25_64","A","1990",43.447365,
"NZL","EDUADULT","BUPPSRY","PC_25_64","A","1991",44.373329,
"NZL","EDUADULT","BUPPSRY","PC_25_64","A","1992",43.602989,
"NZL","EDUADULT","BUPPSRY","PC_25_64","A","1994",42.728489,
"NZL","EDUADULT","BUPPSRY","PC_25_64","A","1995",40.922394,
"NZL","EDUADULT","BUPPSRY","PC_25_64","A","1997",39.565754,
"NZL","EDUADULT","BUPPSRY","PC_25_64","A","1998",38.636364,
"NZL","EDUADULT","BUPPSRY","PC_25_64","A","1999",38.037067,
"NZL","EDUADULT","BUPPSRY","PC_25_64","A","2000",36.803673,
"NZL","EDUADULT","BUPPSRY","PC_25_64","A","2001",35.522774,
"NZL","EDUADULT","BUPPSRY","PC_25_64","A","2002",34.41552,
"NZL","EDUADULT","BUPPSRY","PC_25_64","A","2003",33.131687,
"NZL","EDUADULT","BUPPSRY","PC_25_64","A","2004",32.920467,
"NZL","EDUADULT","BUPPSRY","PC_25_64","A","2005",31.6005,
"NZL","EDUADULT","BUPPSRY","PC_25_64","A","2006",31.062853,
"NZL","EDUADULT","BUPPSRY","PC_25_64","A","2007",28.924793,
"NZL","EDUADULT","BUPPSRY","PC_25_64","A","2008",27.94714,
"NZL","EDUADULT","BUPPSRY","PC_25_64","A","2009",27.84214,
"NZL","EDUADULT","BUPPSRY","PC_25_64","A","2010",26.960302,
"NZL","EDUADULT","BUPPSRY","PC_25_64","A","2011",25.886049,
"NZL","EDUADULT","BUPPSRY","PC_25_64","A","2012",25.939383,
"NZL","EDUADULT","BUPPSRY","PC_25_64","A","2013",28.640007,
"NZL","EDUADULT","BUPPSRY","PC_25_64","A","2014",25.924784,
"NZL","EDUADULT","BUPPSRY","PC_25_64","A","2015",25.277622,
"NZL","EDUADULT","BUPPSRY","PC_25_64","A","2016",23.423424,
"NZL","EDUADULT","BUPPSRY","PC_25_64","A","2017",21.118555,
"NZL","EDUADULT","BUPPSRY","PC_25_64","A","2018",19.542797,
"NZL","EDUADULT","BUPPSRY","PC_25_64","A","2019",19.30257,
"NZL","EDUADULT","BUPPSRY","PC_25_64","A","2020",19.066416,
"NZL","EDUADULT","BUPPSRY","PC_25_64","A","2021",19.431931,
"NZL","EDUADULT","BUPPSRY","PC_25_64","A","2022",19.042334,
"NOR","EDUADULT","BUPPSRY","PC_25_64","A","1981",33.506577,
"NOR","EDUADULT","BUPPSRY","PC_25_64","A","1989",22.569614,
"NOR","EDUADULT","BUPPSRY","PC_25_64","A","1991",20.871677,
"NOR","EDUADULT","BUPPSRY","PC_25_64","A","1992",20.986521,
"NOR","EDUADULT","BUPPSRY","PC_25_64","A","1994",19.315317,
"NOR","EDUADULT","BUPPSRY","PC_25_64","A","1995",18.810703,
"NOR","EDUADULT","BUPPSRY","PC_25_64","A","2005",22.786383,
"NOR","EDUADULT","BUPPSRY","PC_25_64","A","2006",21.103868,
"NOR","EDUADULT","BUPPSRY","PC_25_64","A","2007",21.07445,
"NOR","EDUADULT","BUPPSRY","PC_25_64","A","2008",19.278467,
"NOR","EDUADULT","BUPPSRY","PC_25_64","A","2009",19.276142,
"NOR","EDUADULT","BUPPSRY","PC_25_64","A","2010",19.372442,
"NOR","EDUADULT","BUPPSRY","PC_25_64","A","2011",18.103582,
"NOR","EDUADULT","BUPPSRY","PC_25_64","A","2012",17.945995,
"NOR","EDUADULT","BUPPSRY","PC_25_64","A","2013",17.591412,
"NOR","EDUADULT","BUPPSRY","PC_25_64","A","2014",18.052679,
"NOR","EDUADULT","BUPPSRY","PC_25_64","A","2015",17.628136,
"NOR","EDUADULT","BUPPSRY","PC_25_64","A","2016",17.761009,
"NOR","EDUADULT","BUPPSRY","PC_25_64","A","2017",18.030542,
"NOR","EDUADULT","BUPPSRY","PC_25_64","A","2018",17.522373,
"NOR","EDUADULT","BUPPSRY","PC_25_64","A","2019",17.480188,
"NOR","EDUADULT","BUPPSRY","PC_25_64","A","2020",17.518663,
"NOR","EDUADULT","BUPPSRY","PC_25_64","A","2021",17.57239,
"NOR","EDUADULT","BUPPSRY","PC_25_64","A","2022",17.360371,
"POL","EDUADULT","BUPPSRY","PC_25_64","A","1995",26.256752,
"POL","EDUADULT","BUPPSRY","PC_25_64","A","1997",22.954578,
"POL","EDUADULT","BUPPSRY","PC_25_64","A","1998",21.707138,
"POL","EDUADULT","BUPPSRY","PC_25_64","A","1999",21.480509,
"POL","EDUADULT","BUPPSRY","PC_25_64","A","2000",20.119442,
"POL","EDUADULT","BUPPSRY","PC_25_64","A","2001",19.421961,
"POL","EDUADULT","BUPPSRY","PC_25_64","A","2002",18.766407,
"POL","EDUADULT","BUPPSRY","PC_25_64","A","2003",17.379782,
"POL","EDUADULT","BUPPSRY","PC_25_64","A","2004",16.07354,
"POL","EDUADULT","BUPPSRY","PC_25_64","A","2005",14.887128,
"POL","EDUADULT","BUPPSRY","PC_25_64","A","2006",14.18797,
"POL","EDUADULT","BUPPSRY","PC_25_64","A","2007",13.698365,
"POL","EDUADULT","BUPPSRY","PC_25_64","A","2008",12.851042,
"POL","EDUADULT","BUPPSRY","PC_25_64","A","2009",12.027865,
"POL","EDUADULT","BUPPSRY","PC_25_64","A","2010",11.485272,
"POL","EDUADULT","BUPPSRY","PC_25_64","A","2011",11.087381,
"POL","EDUADULT","BUPPSRY","PC_25_64","A","2012",10.402209,
"POL","EDUADULT","BUPPSRY","PC_25_64","A","2013",9.8658543,
"POL","EDUADULT","BUPPSRY","PC_25_64","A","2014",9.4829636,
"POL","EDUADULT","BUPPSRY","PC_25_64","A","2015",9.2220259,
"POL","EDUADULT","BUPPSRY","PC_25_64","A","2016",8.6792269,
"POL","EDUADULT","BUPPSRY","PC_25_64","A","2017",7.8886991,
"POL","EDUADULT","BUPPSRY","PC_25_64","A","2018",7.5521989,
"POL","EDUADULT","BUPPSRY","PC_25_64","A","2019",7.3676858,
"POL","EDUADULT","BUPPSRY","PC_25_64","A","2020",6.7551556,
"POL","EDUADULT","BUPPSRY","PC_25_64","A","2021",6.7923322,
"POL","EDUADULT","BUPPSRY","PC_25_64","A","2022",6.5303903,
"PRT","EDUADULT","BUPPSRY","PC_25_64","A","1994",80.88382,
"PRT","EDUADULT","BUPPSRY","PC_25_64","A","1995",79.913086,
"PRT","EDUADULT","BUPPSRY","PC_25_64","A","1998",82.148552,
"PRT","EDUADULT","BUPPSRY","PC_25_64","A","1999",81.158997,
"PRT","EDUADULT","BUPPSRY","PC_25_64","A","2000",80.625755,
"PRT","EDUADULT","BUPPSRY","PC_25_64","A","2001",79.761848,
"PRT","EDUADULT","BUPPSRY","PC_25_64","A","2002",79.307739,
"PRT","EDUADULT","BUPPSRY","PC_25_64","A","2003",77.178673,
"PRT","EDUADULT","BUPPSRY","PC_25_64","A","2004",74.843437,
"PRT","EDUADULT","BUPPSRY","PC_25_64","A","2005",73.549492,
"PRT","EDUADULT","BUPPSRY","PC_25_64","A","2006",72.390388,
"PRT","EDUADULT","BUPPSRY","PC_25_64","A","2007",72.544418,
"PRT","EDUADULT","BUPPSRY","PC_25_64","A","2008",71.75206,
"PRT","EDUADULT","BUPPSRY","PC_25_64","A","2009",70.095329,
"PRT","EDUADULT","BUPPSRY","PC_25_64","A","2010",68.082458,
"PRT","EDUADULT","BUPPSRY","PC_25_64","A","2011",64.972481,
"PRT","EDUADULT","BUPPSRY","PC_25_64","A","2012",62.369896,
"PRT","EDUADULT","BUPPSRY","PC_25_64","A","2013",59.952484,
"PRT","EDUADULT","BUPPSRY","PC_25_64","A","2014",56.719505,
"PRT","EDUADULT","BUPPSRY","PC_25_64","A","2015",54.877064,
"PRT","EDUADULT","BUPPSRY","PC_25_64","A","2016",53.085728,
"PRT","EDUADULT","BUPPSRY","PC_25_64","A","2017",52.04673,
"PRT","EDUADULT","BUPPSRY","PC_25_64","A","2018",50.189827,
"PRT","EDUADULT","BUPPSRY","PC_25_64","A","2019",47.824013,
"PRT","EDUADULT","BUPPSRY","PC_25_64","A","2020",44.603264,
"PRT","EDUADULT","BUPPSRY","PC_25_64","A","2021",40.549065,
"PRT","EDUADULT","BUPPSRY","PC_25_64","A","2022",39.65271,
"SVK","EDUADULT","BUPPSRY","PC_25_64","A","1997",21.415857,
"SVK","EDUADULT","BUPPSRY","PC_25_64","A","1998",19.799397,
"SVK","EDUADULT","BUPPSRY","PC_25_64","A","1999",17.563154,
"SVK","EDUADULT","BUPPSRY","PC_25_64","A","2000",16.193579,
"SVK","EDUADULT","BUPPSRY","PC_25_64","A","2001",14.879944,
"SVK","EDUADULT","BUPPSRY","PC_25_64","A","2002",14.090524,
"SVK","EDUADULT","BUPPSRY","PC_25_64","A","2003",13.300556,
"SVK","EDUADULT","BUPPSRY","PC_25_64","A","2004",13.002023,
"SVK","EDUADULT","BUPPSRY","PC_25_64","A","2005",12.130613,
"SVK","EDUADULT","BUPPSRY","PC_25_64","A","2006",11.190296,
"SVK","EDUADULT","BUPPSRY","PC_25_64","A","2007",10.840645,
"SVK","EDUADULT","BUPPSRY","PC_25_64","A","2008",10.066078,
"SVK","EDUADULT","BUPPSRY","PC_25_64","A","2009",9.0549088,
"SVK","EDUADULT","BUPPSRY","PC_25_64","A","2010",9.034791,
"SVK","EDUADULT","BUPPSRY","PC_25_64","A","2011",8.7385187,
"SVK","EDUADULT","BUPPSRY","PC_25_64","A","2012",8.2851295,
"SVK","EDUADULT","BUPPSRY","PC_25_64","A","2013",8.2006197,
"SVK","EDUADULT","BUPPSRY","PC_25_64","A","2014",9.1611462,
"SVK","EDUADULT","BUPPSRY","PC_25_64","A","2015",8.7147398,
"SVK","EDUADULT","BUPPSRY","PC_25_64","A","2016",8.2509651,
"SVK","EDUADULT","BUPPSRY","PC_25_64","A","2017",8.6990681,
"SVK","EDUADULT","BUPPSRY","PC_25_64","A","2018",8.4211197,
"SVK","EDUADULT","BUPPSRY","PC_25_64","A","2019",8.7892141,
"SVK","EDUADULT","BUPPSRY","PC_25_64","A","2020",7.5463114,
"SVK","EDUADULT","BUPPSRY","PC_25_64","A","2021",6.8340263,
"SVK","EDUADULT","BUPPSRY","PC_25_64","A","2022",6.5026503,
"ESP","EDUADULT","BUPPSRY","PC_25_64","A","1981",89.666626,
"ESP","EDUADULT","BUPPSRY","PC_25_64","A","1989",80.21312,
"ESP","EDUADULT","BUPPSRY","PC_25_64","A","1991",78.183922,
"ESP","EDUADULT","BUPPSRY","PC_25_64","A","1992",77.053749,
"ESP","EDUADULT","BUPPSRY","PC_25_64","A","1994",73.768227,
"ESP","EDUADULT","BUPPSRY","PC_25_64","A","1995",71.952583,
"ESP","EDUADULT","BUPPSRY","PC_25_64","A","1997",66.962067,
"ESP","EDUADULT","BUPPSRY","PC_25_64","A","1998",65.352112,
"ESP","EDUADULT","BUPPSRY","PC_25_64","A","1999",63.538891,
"ESP","EDUADULT","BUPPSRY","PC_25_64","A","2000",61.405891,
"ESP","EDUADULT","BUPPSRY","PC_25_64","A","2001",59.625759,
"ESP","EDUADULT","BUPPSRY","PC_25_64","A","2002",57.760826,
"ESP","EDUADULT","BUPPSRY","PC_25_64","A","2003",56.340916,
"ESP","EDUADULT","BUPPSRY","PC_25_64","A","2004",54.636044,
"ESP","EDUADULT","BUPPSRY","PC_25_64","A","2005",51.243546,
"ESP","EDUADULT","BUPPSRY","PC_25_64","A","2006",50.311646,
"ESP","EDUADULT","BUPPSRY","PC_25_64","A","2007",49.358929,
"ESP","EDUADULT","BUPPSRY","PC_25_64","A","2008",48.898933,
"ESP","EDUADULT","BUPPSRY","PC_25_64","A","2009",48.375061,
"ESP","EDUADULT","BUPPSRY","PC_25_64","A","2010",47.127037,
"ESP","EDUADULT","BUPPSRY","PC_25_64","A","2011",45.960678,
"ESP","EDUADULT","BUPPSRY","PC_25_64","A","2012",45.344112,
"ESP","EDUADULT","BUPPSRY","PC_25_64","A","2013",44.545616,
"ESP","EDUADULT","BUPPSRY","PC_25_64","A","2014",43.382374,
"ESP","EDUADULT","BUPPSRY","PC_25_64","A","2015",42.565994,
"ESP","EDUADULT","BUPPSRY","PC_25_64","A","2016",41.726074,
"ESP","EDUADULT","BUPPSRY","PC_25_64","A","2017",40.925529,
"ESP","EDUADULT","BUPPSRY","PC_25_64","A","2018",39.884182,
"ESP","EDUADULT","BUPPSRY","PC_25_64","A","2019",38.685894,
"ESP","EDUADULT","BUPPSRY","PC_25_64","A","2020",37.134796,
"ESP","EDUADULT","BUPPSRY","PC_25_64","A","2021",36.083153,
"ESP","EDUADULT","BUPPSRY","PC_25_64","A","2022",35.818008,
"SWE","EDUADULT","BUPPSRY","PC_25_64","A","1981",50.703621,
"SWE","EDUADULT","BUPPSRY","PC_25_64","A","1989",32.836182,
"SWE","EDUADULT","BUPPSRY","PC_25_64","A","1991",30.885897,
"SWE","EDUADULT","BUPPSRY","PC_25_64","A","1992",29.650333,
"SWE","EDUADULT","BUPPSRY","PC_25_64","A","1994",26.845686,
"SWE","EDUADULT","BUPPSRY","PC_25_64","A","1995",25.347328,
"SWE","EDUADULT","BUPPSRY","PC_25_64","A","1997",24.683062,
"SWE","EDUADULT","BUPPSRY","PC_25_64","A","1998",23.859674,
"SWE","EDUADULT","BUPPSRY","PC_25_64","A","1999",23.393442,
"SWE","EDUADULT","BUPPSRY","PC_25_64","A","2000",22.448189,
"SWE","EDUADULT","BUPPSRY","PC_25_64","A","2001",19.359905,
"SWE","EDUADULT","BUPPSRY","PC_25_64","A","2002",18.423943,
"SWE","EDUADULT","BUPPSRY","PC_25_64","A","2003",17.800028,
"SWE","EDUADULT","BUPPSRY","PC_25_64","A","2004",17.057032,
"SWE","EDUADULT","BUPPSRY","PC_25_64","A","2005",16.40815,
"SWE","EDUADULT","BUPPSRY","PC_25_64","A","2006",15.924377,
"SWE","EDUADULT","BUPPSRY","PC_25_64","A","2007",15.411971,
"SWE","EDUADULT","BUPPSRY","PC_25_64","A","2008",14.958108,
"SWE","EDUADULT","BUPPSRY","PC_25_64","A","2009",14.261111,
"SWE","EDUADULT","BUPPSRY","PC_25_64","A","2010",13.727367,
"SWE","EDUADULT","BUPPSRY","PC_25_64","A","2011",12.964911,
"SWE","EDUADULT","BUPPSRY","PC_25_64","A","2012",12.497745,
"SWE","EDUADULT","BUPPSRY","PC_25_64","A","2013",11.829718,
"SWE","EDUADULT","BUPPSRY","PC_25_64","A","2014",18.445162,
"SWE","EDUADULT","BUPPSRY","PC_25_64","A","2015",18.024088,
"SWE","EDUADULT","BUPPSRY","PC_25_64","A","2016",17.272491,
"SWE","EDUADULT","BUPPSRY","PC_25_64","A","2017",17.003588,
"SWE","EDUADULT","BUPPSRY","PC_25_64","A","2018",16.712725,
"SWE","EDUADULT","BUPPSRY","PC_25_64","A","2019",16.366867,
"SWE","EDUADULT","BUPPSRY","PC_25_64","A","2020",16.099548,
"SWE","EDUADULT","BUPPSRY","PC_25_64","A","2021",15.142161,
"SWE","EDUADULT","BUPPSRY","PC_25_64","A","2022",14.371758,
"CHE","EDUADULT","BUPPSRY","PC_25_64","A","1989",21.198193,
"CHE","EDUADULT","BUPPSRY","PC_25_64","A","1991",19.285833,
"CHE","EDUADULT","BUPPSRY","PC_25_64","A","1992",19.194889,
"CHE","EDUADULT","BUPPSRY","PC_25_64","A","1994",17.797632,
"CHE","EDUADULT","BUPPSRY","PC_25_64","A","1995",17.792086,
"CHE","EDUADULT","BUPPSRY","PC_25_64","A","1997",16.444286,
"CHE","EDUADULT","BUPPSRY","PC_25_64","A","1998",16.277399,
"CHE","EDUADULT","BUPPSRY","PC_25_64","A","1999",16.122025,
"CHE","EDUADULT","BUPPSRY","PC_25_64","A","2000",16.120359,
"CHE","EDUADULT","BUPPSRY","PC_25_64","A","2001",15.138646,
"CHE","EDUADULT","BUPPSRY","PC_25_64","A","2002",15.060054,
"CHE","EDUADULT","BUPPSRY","PC_25_64","A","2003",15.401092,
"CHE","EDUADULT","BUPPSRY","PC_25_64","A","2004",14.979352,
"CHE","EDUADULT","BUPPSRY","PC_25_64","A","2005",14.753095,
"CHE","EDUADULT","BUPPSRY","PC_25_64","A","2006",14.6002,
"CHE","EDUADULT","BUPPSRY","PC_25_64","A","2007",14.042429,
"CHE","EDUADULT","BUPPSRY","PC_25_64","A","2008",13.19206,
"CHE","EDUADULT","BUPPSRY","PC_25_64","A","2009",13.083202,
"CHE","EDUADULT","BUPPSRY","PC_25_64","A","2010",14.966761,
"CHE","EDUADULT","BUPPSRY","PC_25_64","A","2011",15.176706,
"CHE","EDUADULT","BUPPSRY","PC_25_64","A","2012",14.334973,
"CHE","EDUADULT","BUPPSRY","PC_25_64","A","2013",13.589899,
"CHE","EDUADULT","BUPPSRY","PC_25_64","A","2014",12.776213,
"CHE","EDUADULT","BUPPSRY","PC_25_64","A","2015",12.704829,
"CHE","EDUADULT","BUPPSRY","PC_25_64","A","2016",12.564119,
"CHE","EDUADULT","BUPPSRY","PC_25_64","A","2017",12.191644,
"CHE","EDUADULT","BUPPSRY","PC_25_64","A","2018",11.598805,
"CHE","EDUADULT","BUPPSRY","PC_25_64","A","2019",10.993076,
"CHE","EDUADULT","BUPPSRY","PC_25_64","A","2020",10.719828,
"CHE","EDUADULT","BUPPSRY","PC_25_64","A","2021",12.57438,
"CHE","EDUADULT","BUPPSRY","PC_25_64","A","2022",13.936794,
"TUR","EDUADULT","BUPPSRY","PC_25_64","A","1991",82.280052,
"TUR","EDUADULT","BUPPSRY","PC_25_64","A","1992",86.381432,
"TUR","EDUADULT","BUPPSRY","PC_25_64","A","1994",80.244736,
"TUR","EDUADULT","BUPPSRY","PC_25_64","A","1995",76.977737,
"TUR","EDUADULT","BUPPSRY","PC_25_64","A","1997",78.995949,
"TUR","EDUADULT","BUPPSRY","PC_25_64","A","1998",78.171303,
"TUR","EDUADULT","BUPPSRY","PC_25_64","A","1999",77.53083,
"TUR","EDUADULT","BUPPSRY","PC_25_64","A","2000",76.703934,
"TUR","EDUADULT","BUPPSRY","PC_25_64","A","2001",76.448608,
"TUR","EDUADULT","BUPPSRY","PC_25_64","A","2002",74.994644,
"TUR","EDUADULT","BUPPSRY","PC_25_64","A","2003",73.536079,
"TUR","EDUADULT","BUPPSRY","PC_25_64","A","2004",72.799454,
"TUR","EDUADULT","BUPPSRY","PC_25_64","A","2005",71.917953,
"TUR","EDUADULT","BUPPSRY","PC_25_64","A","2006",70.854713,
"TUR","EDUADULT","BUPPSRY","PC_25_64","A","2007",70.408333,
"TUR","EDUADULT","BUPPSRY","PC_25_64","A","2008",69.691528,
"TUR","EDUADULT","BUPPSRY","PC_25_64","A","2009",68.94503,
"TUR","EDUADULT","BUPPSRY","PC_25_64","A","2010",68.793961,
"TUR","EDUADULT","BUPPSRY","PC_25_64","A","2011",67.851822,
"TUR","EDUADULT","BUPPSRY","PC_25_64","A","2012",66.135818,
"TUR","EDUADULT","BUPPSRY","PC_25_64","A","2013",65.167839,
"TUR","EDUADULT","BUPPSRY","PC_25_64","A","2014",64.367012,
"TUR","EDUADULT","BUPPSRY","PC_25_64","A","2015",63.007553,
"TUR","EDUADULT","BUPPSRY","PC_25_64","A","2016",61.486542,
"TUR","EDUADULT","BUPPSRY","PC_25_64","A","2017",60.708405,
"TUR","EDUADULT","BUPPSRY","PC_25_64","A","2018",59.763054,
"TUR","EDUADULT","BUPPSRY","PC_25_64","A","2019",58.29987,
"TUR","EDUADULT","BUPPSRY","PC_25_64","A","2021",55.102688,
"TUR","EDUADULT","BUPPSRY","PC_25_64","A","2022",53.333492,
"GBR","EDUADULT","BUPPSRY","PC_25_64","A","1997",40.922718,
"GBR","EDUADULT","BUPPSRY","PC_25_64","A","1998",39.878498,
"GBR","EDUADULT","BUPPSRY","PC_25_64","A","1999",38.399529,
"GBR","EDUADULT","BUPPSRY","PC_25_64","A","2000",37.388611,
"GBR","EDUADULT","BUPPSRY","PC_25_64","A","2001",37.15152,
"GBR","EDUADULT","BUPPSRY","PC_25_64","A","2002",35.746799,
"GBR","EDUADULT","BUPPSRY","PC_25_64","A","2003",34.921486,
"GBR","EDUADULT","BUPPSRY","PC_25_64","A","2004",33.831558,
"GBR","EDUADULT","BUPPSRY","PC_25_64","A","2005",33.16832,
"GBR","EDUADULT","BUPPSRY","PC_25_64","A","2006",29.098894,
"GBR","EDUADULT","BUPPSRY","PC_25_64","A","2007",27.807289,
"GBR","EDUADULT","BUPPSRY","PC_25_64","A","2008",28.359348,
"GBR","EDUADULT","BUPPSRY","PC_25_64","A","2009",26.256872,
"GBR","EDUADULT","BUPPSRY","PC_25_64","A","2010",24.937599,
"GBR","EDUADULT","BUPPSRY","PC_25_64","A","2011",23.167467,
"GBR","EDUADULT","BUPPSRY","PC_25_64","A","2012",21.91477,
"GBR","EDUADULT","BUPPSRY","PC_25_64","A","2013",20.849527,
"GBR","EDUADULT","BUPPSRY","PC_25_64","A","2014",20.83497,
"GBR","EDUADULT","BUPPSRY","PC_25_64","A","2015",20.38233,
"GBR","EDUADULT","BUPPSRY","PC_25_64","A","2016",19.253021,
"GBR","EDUADULT","BUPPSRY","PC_25_64","A","2017",18.831131,
"GBR","EDUADULT","BUPPSRY","PC_25_64","A","2018",20.707432,
"GBR","EDUADULT","BUPPSRY","PC_25_64","A","2019",19.939764,
"GBR","EDUADULT","BUPPSRY","PC_25_64","A","2020",18.349808,
"GBR","EDUADULT","BUPPSRY","PC_25_64","A","2021",18.294903,
"GBR","EDUADULT","BUPPSRY","PC_25_64","A","2022",18.563143,
"USA","EDUADULT","BUPPSRY","PC_25_64","A","1981",23.543902,
"USA","EDUADULT","BUPPSRY","PC_25_64","A","1982",22.57119,
"USA","EDUADULT","BUPPSRY","PC_25_64","A","1983",21.59271,
"USA","EDUADULT","BUPPSRY","PC_25_64","A","1984",20.455497,
"USA","EDUADULT","BUPPSRY","PC_25_64","A","1985",19.811195,
"USA","EDUADULT","BUPPSRY","PC_25_64","A","1986",19.050793,
"USA","EDUADULT","BUPPSRY","PC_25_64","A","1987",18.376627,
"USA","EDUADULT","BUPPSRY","PC_25_64","A","1988",18.203137,
"USA","EDUADULT","BUPPSRY","PC_25_64","A","1989",17.580044,
"USA","EDUADULT","BUPPSRY","PC_25_64","A","1990",16.766804,
"USA","EDUADULT","BUPPSRY","PC_25_64","A","1991",16.288632,
"USA","EDUADULT","BUPPSRY","PC_25_64","A","1992",15.957628,
"USA","EDUADULT","BUPPSRY","PC_25_64","A","1993",15.101262,
"USA","EDUADULT","BUPPSRY","PC_25_64","A","1994",14.857755,
"USA","EDUADULT","BUPPSRY","PC_25_64","A","1995",14.20853,
"USA","EDUADULT","BUPPSRY","PC_25_64","A","1996",14.340582,
"USA","EDUADULT","BUPPSRY","PC_25_64","A","1997",14.087601,
"USA","EDUADULT","BUPPSRY","PC_25_64","A","1998",13.544776,
"USA","EDUADULT","BUPPSRY","PC_25_64","A","1999",13.080087,
"USA","EDUADULT","BUPPSRY","PC_25_64","A","2000",12.557263,
"USA","EDUADULT","BUPPSRY","PC_25_64","A","2001",12.616223,
"USA","EDUADULT","BUPPSRY","PC_25_64","A","2002",12.656256,
"USA","EDUADULT","BUPPSRY","PC_25_64","A","2003",12.469723,
"USA","EDUADULT","BUPPSRY","PC_25_64","A","2004",12.092218,
"USA","EDUADULT","BUPPSRY","PC_25_64","A","2005",12.225618,
"USA","EDUADULT","BUPPSRY","PC_25_64","A","2006",12.203516,
"USA","EDUADULT","BUPPSRY","PC_25_64","A","2007",12.088685,
"USA","EDUADULT","BUPPSRY","PC_25_64","A","2008",11.304346,
"USA","EDUADULT","BUPPSRY","PC_25_64","A","2009",11.355431,
"USA","EDUADULT","BUPPSRY","PC_25_64","A","2010",11.030482,
"USA","EDUADULT","BUPPSRY","PC_25_64","A","2011",10.741901,
"USA","EDUADULT","BUPPSRY","PC_25_64","A","2012",10.692155,
"USA","EDUADULT","BUPPSRY","PC_25_64","A","2013",10.371985,
"USA","EDUADULT","BUPPSRY","PC_25_64","A","2014",10.429553,
"USA","EDUADULT","BUPPSRY","PC_25_64","A","2015",10.457861,
"USA","EDUADULT","BUPPSRY","PC_25_64","A","2016",9.8527498,
"USA","EDUADULT","BUPPSRY","PC_25_64","A","2017",9.3544931,
"USA","EDUADULT","BUPPSRY","PC_25_64","A","2018",9.1761637,
"USA","EDUADULT","BUPPSRY","PC_25_64","A","2019",9.1898708,
"USA","EDUADULT","BUPPSRY","PC_25_64","A","2020",8.2770815,
"USA","EDUADULT","BUPPSRY","PC_25_64","A","2021",8.2938099,
"USA","EDUADULT","BUPPSRY","PC_25_64","A","2022",8.1582184,
"BRA","EDUADULT","BUPPSRY","PC_25_64","A","2007",63.191654,
"BRA","EDUADULT","BUPPSRY","PC_25_64","A","2008",61.161831,
"BRA","EDUADULT","BUPPSRY","PC_25_64","A","2009",59.32708,
"BRA","EDUADULT","BUPPSRY","PC_25_64","A","2011",56.729549,
"BRA","EDUADULT","BUPPSRY","PC_25_64","A","2012",54.996342,
"BRA","EDUADULT","BUPPSRY","PC_25_64","A","2013",53.588863,
"BRA","EDUADULT","BUPPSRY","PC_25_64","A","2014",52.637005,
"BRA","EDUADULT","BUPPSRY","PC_25_64","A","2015",51.127499,
"BRA","EDUADULT","BUPPSRY","PC_25_64","A","2016",48.828545,
"BRA","EDUADULT","BUPPSRY","PC_25_64","A","2017",48.041367,
"BRA","EDUADULT","BUPPSRY","PC_25_64","A","2018",46.323441,
"BRA","EDUADULT","BUPPSRY","PC_25_64","A","2019",45.144974,
"BRA","EDUADULT","BUPPSRY","PC_25_64","A","2020",42.072502,
"BRA","EDUADULT","BUPPSRY","PC_25_64","A","2021",41.5784,
"BRA","EDUADULT","BUPPSRY","PC_25_64","A","2022",40.940269,
"CHL","EDUADULT","BUPPSRY","PC_25_64","A","2009",43.493385,
"CHL","EDUADULT","BUPPSRY","PC_25_64","A","2011",42.320229,
"CHL","EDUADULT","BUPPSRY","PC_25_64","A","2013",38.585766,
"CHL","EDUADULT","BUPPSRY","PC_25_64","A","2015",35.133507,
"CHL","EDUADULT","BUPPSRY","PC_25_64","A","2017",32.552322,
"CHL","EDUADULT","BUPPSRY","PC_25_64","A","2020",28.026119,
"CHN","EDUADULT","BUPPSRY","PC_25_64","A","2010",75.53817,
"CHN","EDUADULT","BUPPSRY","PC_25_64","A","2020",63.374126,
"COL","EDUADULT","BUPPSRY","PC_25_64","A","2010",57.225201,
"COL","EDUADULT","BUPPSRY","PC_25_64","A","2011",55.908085,
"COL","EDUADULT","BUPPSRY","PC_25_64","A","2012",54.658371,
"COL","EDUADULT","BUPPSRY","PC_25_64","A","2013",52.680248,
"COL","EDUADULT","BUPPSRY","PC_25_64","A","2014",51.236362,
"COL","EDUADULT","BUPPSRY","PC_25_64","A","2015",50.107773,
"COL","EDUADULT","BUPPSRY","PC_25_64","A","2016",47.954208,
"COL","EDUADULT","BUPPSRY","PC_25_64","A","2017",46.676525,
"COL","EDUADULT","BUPPSRY","PC_25_64","A","2018",45.255398,
"COL","EDUADULT","BUPPSRY","PC_25_64","A","2019",43.573807,
"COL","EDUADULT","BUPPSRY","PC_25_64","A","2020",41.521244,
"COL","EDUADULT","BUPPSRY","PC_25_64","A","2021",39.301952,
"COL","EDUADULT","BUPPSRY","PC_25_64","A","2022",37.872086,
"EST","EDUADULT","BUPPSRY","PC_25_64","A","1997",17.546963,
"EST","EDUADULT","BUPPSRY","PC_25_64","A","1998",16.479084,
"EST","EDUADULT","BUPPSRY","PC_25_64","A","1999",15.72357,
"EST","EDUADULT","BUPPSRY","PC_25_64","A","2000",14.751366,
"EST","EDUADULT","BUPPSRY","PC_25_64","A","2001",13.769239,
"EST","EDUADULT","BUPPSRY","PC_25_64","A","2002",13.215323,
"EST","EDUADULT","BUPPSRY","PC_25_64","A","2003",12.355169,
"EST","EDUADULT","BUPPSRY","PC_25_64","A","2004",11.743241,
"EST","EDUADULT","BUPPSRY","PC_25_64","A","2005",11.341643,
"EST","EDUADULT","BUPPSRY","PC_25_64","A","2006",11.717903,
"EST","EDUADULT","BUPPSRY","PC_25_64","A","2007",11.159678,
"EST","EDUADULT","BUPPSRY","PC_25_64","A","2008",11.692819,
"EST","EDUADULT","BUPPSRY","PC_25_64","A","2009",11.327562,
"EST","EDUADULT","BUPPSRY","PC_25_64","A","2010",10.864561,
"EST","EDUADULT","BUPPSRY","PC_25_64","A","2011",10.989735,
"EST","EDUADULT","BUPPSRY","PC_25_64","A","2012",10.076135,
"EST","EDUADULT","BUPPSRY","PC_25_64","A","2013",9.4806528,
"EST","EDUADULT","BUPPSRY","PC_25_64","A","2014",11.895004,
"EST","EDUADULT","BUPPSRY","PC_25_64","A","2015",11.442164,
"EST","EDUADULT","BUPPSRY","PC_25_64","A","2016",11.10444,
"EST","EDUADULT","BUPPSRY","PC_25_64","A","2017",11.317183,
"EST","EDUADULT","BUPPSRY","PC_25_64","A","2018",10.810427,
"EST","EDUADULT","BUPPSRY","PC_25_64","A","2019",9.9434958,
"EST","EDUADULT","BUPPSRY","PC_25_64","A","2020",9.3462172,
"EST","EDUADULT","BUPPSRY","PC_25_64","A","2021",10.475689,
"EST","EDUADULT","BUPPSRY","PC_25_64","A","2022",10.18304,
"IDN","EDUADULT","BUPPSRY","PC_25_64","A","2004",77.516731,
"IDN","EDUADULT","BUPPSRY","PC_25_64","A","2005",76.001915,
"IDN","EDUADULT","BUPPSRY","PC_25_64","A","2006",74.035995,
"IDN","EDUADULT","BUPPSRY","PC_25_64","A","2007",73.748695,
"IDN","EDUADULT","BUPPSRY","PC_25_64","A","2008",79.396156,
"IDN","EDUADULT","BUPPSRY","PC_25_64","A","2009",71.04689,
"IDN","EDUADULT","BUPPSRY","PC_25_64","A","2010",69.68969,
"IDN","EDUADULT","BUPPSRY","PC_25_64","A","2011",68.898232,
"IDN","EDUADULT","BUPPSRY","PC_25_64","A","2012",68.246284,
"IDN","EDUADULT","BUPPSRY","PC_25_64","A","2013",67.267471,
"IDN","EDUADULT","BUPPSRY","PC_25_64","A","2014",66.420502,
"IDN","EDUADULT","BUPPSRY","PC_25_64","A","2015",64.566017,
"IDN","EDUADULT","BUPPSRY","PC_25_64","A","2016",62.975384,
"IDN","EDUADULT","BUPPSRY","PC_25_64","A","2017",62.102646,
"IDN","EDUADULT","BUPPSRY","PC_25_64","A","2018",60.750225,
"IDN","EDUADULT","BUPPSRY","PC_25_64","A","2019",59.947014,
"IDN","EDUADULT","BUPPSRY","PC_25_64","A","2020",58.648563,
"IDN","EDUADULT","BUPPSRY","PC_25_64","A","2021",57.04705,
"IDN","EDUADULT","BUPPSRY","PC_25_64","A","2022",57.263821,
"ISR","EDUADULT","BUPPSRY","PC_25_64","A","2002",19.664862,
"ISR","EDUADULT","BUPPSRY","PC_25_64","A","2003",18.085173,
"ISR","EDUADULT","BUPPSRY","PC_25_64","A","2005",21.065123,
"ISR","EDUADULT","BUPPSRY","PC_25_64","A","2007",19.584095,
"ISR","EDUADULT","BUPPSRY","PC_25_64","A","2008",18.767063,
"ISR","EDUADULT","BUPPSRY","PC_25_64","A","2009",18.222622,
"ISR","EDUADULT","BUPPSRY","PC_25_64","A","2010",17.935621,
"ISR","EDUADULT","BUPPSRY","PC_25_64","A","2011",16.986902,
"ISR","EDUADULT","BUPPSRY","PC_25_64","A","2012",15.451829,
"ISR","EDUADULT","BUPPSRY","PC_25_64","A","2013",15.01176,
"ISR","EDUADULT","BUPPSRY","PC_25_64","A","2014",14.64511,
"ISR","EDUADULT","BUPPSRY","PC_25_64","A","2015",14.464885,
"ISR","EDUADULT","BUPPSRY","PC_25_64","A","2016",13.231215,
"ISR","EDUADULT","BUPPSRY","PC_25_64","A","2017",12.625726,
"ISR","EDUADULT","BUPPSRY","PC_25_64","A","2018",13.634555,
"ISR","EDUADULT","BUPPSRY","PC_25_64","A","2019",12.920499,
"ISR","EDUADULT","BUPPSRY","PC_25_64","A","2020",11.989373,
"ISR","EDUADULT","BUPPSRY","PC_25_64","A","2021",12.055555,
"ISR","EDUADULT","BUPPSRY","PC_25_64","A","2022",11.81524,
"LVA","EDUADULT","BUPPSRY","PC_25_64","A","1996",19.189783,
"LVA","EDUADULT","BUPPSRY","PC_25_64","A","1997",18.602966,
"LVA","EDUADULT","BUPPSRY","PC_25_64","A","1998",17.136116,
"LVA","EDUADULT","BUPPSRY","PC_25_64","A","1999",16.341381,
"LVA","EDUADULT","BUPPSRY","PC_25_64","A","2000",16.759621,
"LVA","EDUADULT","BUPPSRY","PC_25_64","A","2001",20.794182,
"LVA","EDUADULT","BUPPSRY","PC_25_64","A","2002",17.904789,
"LVA","EDUADULT","BUPPSRY","PC_25_64","A","2003",17.03433,
"LVA","EDUADULT","BUPPSRY","PC_25_64","A","2004",15.678306,
"LVA","EDUADULT","BUPPSRY","PC_25_64","A","2005",15.580102,
"LVA","EDUADULT","BUPPSRY","PC_25_64","A","2006",15.870779,
"LVA","EDUADULT","BUPPSRY","PC_25_64","A","2007",15.36415,
"LVA","EDUADULT","BUPPSRY","PC_25_64","A","2008",14.141485,
"LVA","EDUADULT","BUPPSRY","PC_25_64","A","2009",13.22369,
"LVA","EDUADULT","BUPPSRY","PC_25_64","A","2010",11.396096,
"LVA","EDUADULT","BUPPSRY","PC_25_64","A","2011",12.062219,
"LVA","EDUADULT","BUPPSRY","PC_25_64","A","2012",10.897214,
"LVA","EDUADULT","BUPPSRY","PC_25_64","A","2013",10.645624,
"LVA","EDUADULT","BUPPSRY","PC_25_64","A","2014",13.338798,
"LVA","EDUADULT","BUPPSRY","PC_25_64","A","2015",12.217953,
"LVA","EDUADULT","BUPPSRY","PC_25_64","A","2016",11.318077,
"LVA","EDUADULT","BUPPSRY","PC_25_64","A","2017",12.391879,
"LVA","EDUADULT","BUPPSRY","PC_25_64","A","2018",12.368318,
"LVA","EDUADULT","BUPPSRY","PC_25_64","A","2019",11.564806,
"LVA","EDUADULT","BUPPSRY","PC_25_64","A","2020",10.527256,
"LVA","EDUADULT","BUPPSRY","PC_25_64","A","2021",10.605479,
"LVA","EDUADULT","BUPPSRY","PC_25_64","A","2022",10.818428,
"RUS","EDUADULT","BUPPSRY","PC_25_64","A","2010",7.195199,
"RUS","EDUADULT","BUPPSRY","PC_25_64","A","2011",7.2196174,
"RUS","EDUADULT","BUPPSRY","PC_25_64","A","2012",6.9798198,
"RUS","EDUADULT","BUPPSRY","PC_25_64","A","2013",6.7129874,
"RUS","EDUADULT","BUPPSRY","PC_25_64","A","2014",6.6331944,
"RUS","EDUADULT","BUPPSRY","PC_25_64","A","2015",6.3395805,
"RUS","EDUADULT","BUPPSRY","PC_25_64","A","2016",6.0239758,
"RUS","EDUADULT","BUPPSRY","PC_25_64","A","2017",4.757205,
"RUS","EDUADULT","BUPPSRY","PC_25_64","A","2018",4.8022981,
"SVN","EDUADULT","BUPPSRY","PC_25_64","A","2000",25.176582,
"SVN","EDUADULT","BUPPSRY","PC_25_64","A","2002",22.982054,
"SVN","EDUADULT","BUPPSRY","PC_25_64","A","2003",21.86058,
"SVN","EDUADULT","BUPPSRY","PC_25_64","A","2004",20.331007,
"SVN","EDUADULT","BUPPSRY","PC_25_64","A","2005",19.703846,
"SVN","EDUADULT","BUPPSRY","PC_25_64","A","2006",18.436632,
"SVN","EDUADULT","BUPPSRY","PC_25_64","A","2007",18.181656,
"SVN","EDUADULT","BUPPSRY","PC_25_64","A","2008",17.956785,
"SVN","EDUADULT","BUPPSRY","PC_25_64","A","2009",16.713486,
"SVN","EDUADULT","BUPPSRY","PC_25_64","A","2010",16.689947,
"SVN","EDUADULT","BUPPSRY","PC_25_64","A","2011",15.523709,
"SVN","EDUADULT","BUPPSRY","PC_25_64","A","2012",15.027221,
"SVN","EDUADULT","BUPPSRY","PC_25_64","A","2013",14.546692,
"SVN","EDUADULT","BUPPSRY","PC_25_64","A","2014",14.274657,
"SVN","EDUADULT","BUPPSRY","PC_25_64","A","2015",13.213673,
"SVN","EDUADULT","BUPPSRY","PC_25_64","A","2016",12.65544,
"SVN","EDUADULT","BUPPSRY","PC_25_64","A","2017",12.3177,
"SVN","EDUADULT","BUPPSRY","PC_25_64","A","2018",11.862703,
"SVN","EDUADULT","BUPPSRY","PC_25_64","A","2019",11.202892,
"SVN","EDUADULT","BUPPSRY","PC_25_64","A","2020",9.7609425,
"SVN","EDUADULT","BUPPSRY","PC_25_64","A","2021",8.6859121,
"SVN","EDUADULT","BUPPSRY","PC_25_64","A","2022",8.9559851,
"ZAF","EDUADULT","BUPPSRY","PC_25_64","A","2010",57.293068,
"ZAF","EDUADULT","BUPPSRY","PC_25_64","A","2011",56.113945,
"ZAF","EDUADULT","BUPPSRY","PC_25_64","A","2012",58.530075,
"ZAF","EDUADULT","BUPPSRY","PC_25_64","A","2013",60.621803,
"ZAF","EDUADULT","BUPPSRY","PC_25_64","A","2014",59.530769,
"ZAF","EDUADULT","BUPPSRY","PC_25_64","A","2015",57.0196,
"ZAF","EDUADULT","BUPPSRY","PC_25_64","A","2016",58.211182,
"ZAF","EDUADULT","BUPPSRY","PC_25_64","A","2017",55.935062,
"ZAF","EDUADULT","BUPPSRY","PC_25_64","A","2018",55.297176,
"ZAF","EDUADULT","BUPPSRY","PC_25_64","A","2019",54.462048,
"ZAF","EDUADULT","BUPPSRY","PC_25_64","A","2020",52.348087,
"ZAF","EDUADULT","BUPPSRY","PC_25_64","A","2022",54.732609,
"OAVG","EDUADULT","BUPPSRY","PC_25_64","A","1995",41.888304,
"OAVG","EDUADULT","BUPPSRY","PC_25_64","A","1998",37.903775,
"OAVG","EDUADULT","BUPPSRY","PC_25_64","A","1999",37.189544,
"OAVG","EDUADULT","BUPPSRY","PC_25_64","A","2000",35.503431,
"OAVG","EDUADULT","BUPPSRY","PC_25_64","A","2001",36.147895,
"OAVG","EDUADULT","BUPPSRY","PC_25_64","A","2002",33.960143,
"OAVG","EDUADULT","BUPPSRY","PC_25_64","A","2003",32.615308,
"OAVG","EDUADULT","BUPPSRY","PC_25_64","A","2004",31.699633,
"OAVG","EDUADULT","BUPPSRY","PC_25_64","A","2005",29.956083,
"OAVG","EDUADULT","BUPPSRY","PC_25_64","A","2006",29.291452,
"OAVG","EDUADULT","BUPPSRY","PC_25_64","A","2007",28.529906,
"OAVG","EDUADULT","BUPPSRY","PC_25_64","A","2008",27.700151,
"OAVG","EDUADULT","BUPPSRY","PC_25_64","A","2009",27.149623,
"OAVG","EDUADULT","BUPPSRY","PC_25_64","A","2010",27.042744,
"OAVG","EDUADULT","BUPPSRY","PC_25_64","A","2011",26.760968,
"OAVG","EDUADULT","BUPPSRY","PC_25_64","A","2012",25.478478,
"OAVG","EDUADULT","BUPPSRY","PC_25_64","A","2013",25.046652,
"OAVG","EDUADULT","BUPPSRY","PC_25_64","A","2014",24.335522,
"OAVG","EDUADULT","BUPPSRY","PC_25_64","A","2015",24.204707,
"OAVG","EDUADULT","BUPPSRY","PC_25_64","A","2016",22.975159,
"OAVG","EDUADULT","BUPPSRY","PC_25_64","A","2017",22.843143,
"OAVG","EDUADULT","BUPPSRY","PC_25_64","A","2018",22.020913,
"OAVG","EDUADULT","BUPPSRY","PC_25_64","A","2019",21.420727,
"OAVG","EDUADULT","BUPPSRY","PC_25_64","A","2020",19.809309,
"OAVG","EDUADULT","BUPPSRY","PC_25_64","A","2021",19.91208,
"OAVG","EDUADULT","BUPPSRY","PC_25_64","A","2022",19.524263,
"SAU","EDUADULT","BUPPSRY","PC_25_64","A","2014",45.034447,
"SAU","EDUADULT","BUPPSRY","PC_25_64","A","2016",43.492928,
"SAU","EDUADULT","BUPPSRY","PC_25_64","A","2017",38.716808,
"SAU","EDUADULT","BUPPSRY","PC_25_64","A","2018",38.202686,
"SAU","EDUADULT","BUPPSRY","PC_25_64","A","2019",37.496696,
"SAU","EDUADULT","BUPPSRY","PC_25_64","A","2020",38.133877,
"ARG","EDUADULT","BUPPSRY","PC_25_64","A","2004",51.205463,
"ARG","EDUADULT","BUPPSRY","PC_25_64","A","2005",50.157974,
"ARG","EDUADULT","BUPPSRY","PC_25_64","A","2006",48.472809,
"ARG","EDUADULT","BUPPSRY","PC_25_64","A","2008",45.804825,
"ARG","EDUADULT","BUPPSRY","PC_25_64","A","2009",44.794254,
"ARG","EDUADULT","BUPPSRY","PC_25_64","A","2010",43.36871,
"ARG","EDUADULT","BUPPSRY","PC_25_64","A","2011",42.753086,
"ARG","EDUADULT","BUPPSRY","PC_25_64","A","2012",41.416412,
"ARG","EDUADULT","BUPPSRY","PC_25_64","A","2013",40.635166,
"ARG","EDUADULT","BUPPSRY","PC_25_64","A","2014",41.248135,
"ARG","EDUADULT","BUPPSRY","PC_25_64","A","2017",38.528397,
"ARG","EDUADULT","BUPPSRY","PC_25_64","A","2018",36.971165,
"ARG","EDUADULT","BUPPSRY","PC_25_64","A","2019",35.771305,
"ARG","EDUADULT","BUPPSRY","PC_25_64","A","2020",37.158802,
"ARG","EDUADULT","BUPPSRY","PC_25_64","A","2021",33.458462,
"IND","EDUADULT","BUPPSRY","PC_25_64","A","2011",71.298172,
"IND","EDUADULT","BUPPSRY","PC_25_64","A","2012",84.892136,
"IND","EDUADULT","BUPPSRY","PC_25_64","A","2018",80.105392,
"IND","EDUADULT","BUPPSRY","PC_25_64","A","2019",78.520782,
"IND","EDUADULT","BUPPSRY","PC_25_64","A","2020",77.645477,
"IND","EDUADULT","BUPPSRY","PC_25_64","A","2022",77.739365,
"LTU","EDUADULT","BUPPSRY","PC_25_64","A","2000",15.770907,
"LTU","EDUADULT","BUPPSRY","PC_25_64","A","2005",12.498502,
"LTU","EDUADULT","BUPPSRY","PC_25_64","A","2006",11.679444,
"LTU","EDUADULT","BUPPSRY","PC_25_64","A","2007",11.068882,
"LTU","EDUADULT","BUPPSRY","PC_25_64","A","2008",9.4485025,
"LTU","EDUADULT","BUPPSRY","PC_25_64","A","2009",8.6813269,
"LTU","EDUADULT","BUPPSRY","PC_25_64","A","2010",8.1011848,
"LTU","EDUADULT","BUPPSRY","PC_25_64","A","2011",7.1331868,
"LTU","EDUADULT","BUPPSRY","PC_25_64","A","2012",6.6762033,
"LTU","EDUADULT","BUPPSRY","PC_25_64","A","2013",6.5573592,
"LTU","EDUADULT","BUPPSRY","PC_25_64","A","2014",8.8240929,
"LTU","EDUADULT","BUPPSRY","PC_25_64","A","2015",8.6442165,
"LTU","EDUADULT","BUPPSRY","PC_25_64","A","2016",7.4843569,
"LTU","EDUADULT","BUPPSRY","PC_25_64","A","2017",7.1719623,
"LTU","EDUADULT","BUPPSRY","PC_25_64","A","2018",7.0224643,
"LTU","EDUADULT","BUPPSRY","PC_25_64","A","2019",6.7358012,
"LTU","EDUADULT","BUPPSRY","PC_25_64","A","2020",6.3598828,
"LTU","EDUADULT","BUPPSRY","PC_25_64","A","2021",6.7329736,
"LTU","EDUADULT","BUPPSRY","PC_25_64","A","2022",7.0849438,
"CRI","EDUADULT","BUPPSRY","PC_25_64","A","1987",77.346848,
"CRI","EDUADULT","BUPPSRY","PC_25_64","A","1988",76.006599,
"CRI","EDUADULT","BUPPSRY","PC_25_64","A","1989",75.325371,
"CRI","EDUADULT","BUPPSRY","PC_25_64","A","1990",74.924744,
"CRI","EDUADULT","BUPPSRY","PC_25_64","A","1991",76.039444,
"CRI","EDUADULT","BUPPSRY","PC_25_64","A","1992",73.690758,
"CRI","EDUADULT","BUPPSRY","PC_25_64","A","1993",72.007347,
"CRI","EDUADULT","BUPPSRY","PC_25_64","A","1994",71.285805,
"CRI","EDUADULT","BUPPSRY","PC_25_64","A","1995",70.217255,
"CRI","EDUADULT","BUPPSRY","PC_25_64","A","1996",70.934433,
"CRI","EDUADULT","BUPPSRY","PC_25_64","A","1997",69.637726,
"CRI","EDUADULT","BUPPSRY","PC_25_64","A","1998",68.202065,
"CRI","EDUADULT","BUPPSRY","PC_25_64","A","1999",67.841637,
"CRI","EDUADULT","BUPPSRY","PC_25_64","A","2000",69.6353,
"CRI","EDUADULT","BUPPSRY","PC_25_64","A","2001",68.293747,
"CRI","EDUADULT","BUPPSRY","PC_25_64","A","2002",67.236092,
"CRI","EDUADULT","BUPPSRY","PC_25_64","A","2003",65.91481,
"CRI","EDUADULT","BUPPSRY","PC_25_64","A","2004",65.916557,
"CRI","EDUADULT","BUPPSRY","PC_25_64","A","2005",64.873169,
"CRI","EDUADULT","BUPPSRY","PC_25_64","A","2006",64.274269,
"CRI","EDUADULT","BUPPSRY","PC_25_64","A","2007",62.960529,
"CRI","EDUADULT","BUPPSRY","PC_25_64","A","2008",61.940212,
"CRI","EDUADULT","BUPPSRY","PC_25_64","A","2009",61.093235,
"CRI","EDUADULT","BUPPSRY","PC_25_64","A","2010",63.147984,
"CRI","EDUADULT","BUPPSRY","PC_25_64","A","2011",62.58416,
"CRI","EDUADULT","BUPPSRY","PC_25_64","A","2012",60.889778,
"CRI","EDUADULT","BUPPSRY","PC_25_64","A","2013",59.697968,
"CRI","EDUADULT","BUPPSRY","PC_25_64","A","2014",59.457653,
"CRI","EDUADULT","BUPPSRY","PC_25_64","A","2015",60.632359,
"CRI","EDUADULT","BUPPSRY","PC_25_64","A","2016",60.063385,
"CRI","EDUADULT","BUPPSRY","PC_25_64","A","2017",60.489311,
"CRI","EDUADULT","BUPPSRY","PC_25_64","A","2018",60.770302,
"CRI","EDUADULT","BUPPSRY","PC_25_64","A","2019",57.304142,
"CRI","EDUADULT","BUPPSRY","PC_25_64","A","2020",57.331299,
"CRI","EDUADULT","BUPPSRY","PC_25_64","A","2021",57.373444,
"CRI","EDUADULT","BUPPSRY","PC_25_64","A","2022",54.909557,
"G20","EDUADULT","BUPPSRY","PC_25_64","A","2010",40.314507,
"G20","EDUADULT","BUPPSRY","PC_25_64","A","2011",40.423166,
"G20","EDUADULT","BUPPSRY","PC_25_64","A","2012",40.590188,
"G20","EDUADULT","BUPPSRY","PC_25_64","A","2018",34.073965,
"G20","EDUADULT","BUPPSRY","PC_25_64","A","2019",35.241004,
"G20","EDUADULT","BUPPSRY","PC_25_64","A","2020",34.704054,
"G20","EDUADULT","BUPPSRY","PC_25_64","A","2022",33.388514,
"BGR","EDUADULT","BUPPSRY","PC_25_64","A","2015",18.145052,
"BGR","EDUADULT","BUPPSRY","PC_25_64","A","2022",15.995332,
"ROU","EDUADULT","BUPPSRY","PC_25_64","A","2015",29.43084,
"ROU","EDUADULT","BUPPSRY","PC_25_64","A","2021",23.847929,
"ROU","EDUADULT","BUPPSRY","PC_25_64","A","2022",23.082047,
